"","logFC","AveExpr","t","P.Value","adj.P.Val","B","tag"
"hsa-miR-34a-5p",2.2311546761683,8.51828204025302,19.0973097383197,2.37835452763708e-63,1.49836335241136e-60,133.462620479375,"Up"
"hsa-miR-4709-3p",2.63282486880906,2.99035817201544,18.5018942509781,2.49471819204369e-60,7.85836230493763e-58,126.541023865933,"Up"
"hsa-miR-34a-3p",1.21018060764197,0.773679542750685,16.534340971973,1.54157132497917e-50,3.23729978245626e-48,104.102649962717,"Up"
"hsa-miR-222-3p",2.96945639705884,8.05800907438083,14.9895535441707,3.99598207117415e-43,6.29367176209929e-41,87.1809626674068,"Up"
"hsa-miR-221-3p",2.99301713934456,10.0227388642858,14.9461710598882,6.39055959451332e-43,8.05210508908678e-41,86.7033982802144,"Up"
"hsa-miR-451a",-2.60745837578168,9.53767296578353,-14.9047499856142,9.99991328099594e-43,1.04999089450457e-40,86.2420387442243,"Down"
"hsa-miR-486-5p",-2.53751547595464,7.44887137126982,-14.7836511131006,3.69114633722e-42,3.322031703498e-40,84.9513622730217,"Down"
"hsa-miR-144-5p",-2.49111410482508,7.31603916346799,-14.6798037812037,1.1269433117143e-41,8.87467857975011e-40,83.8431037968451,"Down"
"hsa-miR-146b-3p",5.06400200616214,10.5190383946685,14.2157934270599,1.58051723753056e-39,1.10636206627139e-37,78.950983218359,"Up"
"hsa-miR-6854-5p",1.20051923703714,0.703093949019284,14.1899862546548,2.07617596831435e-39,1.30799086003804e-37,78.6132045388448,"Up"
"hsa-miR-146b-5p",4.90624146174873,12.8970816742098,13.9137734021596,3.79088080889541e-38,2.17114082691283e-36,75.7787477281022,"Up"
"hsa-miR-181b-5p",1.31314776430918,9.96991938739501,13.5415200642516,1.81783318184948e-36,9.54362420470976e-35,71.9352181797252,"Up"
"hsa-miR-181b-2-3p",1.7936476964822,3.77863880682285,12.7484620044938,5.77259000048663e-33,2.79748592331275e-31,63.9959209137793,"Up"
"hsa-miR-551b-3p",3.51953574998436,3.91676901099915,12.5101172782417,6.18591673976758e-32,2.78366253289541e-30,61.6434233088995,"Up"
"hsa-miR-26a-5p",-0.747968941681568,11.7575828881433,-12.4075912585936,1.70269539039446e-31,7.15132063965674e-30,60.558895144769,"Stable"
"hsa-miR-9-5p",-2.11528652328854,5.97140036785923,-12.3409450988136,3.28007425371677e-31,1.29152923740098e-29,59.9354537121896,"Down"
"hsa-miR-181a-2-3p",1.26717367179402,12.0342303911408,12.0531437799559,5.4374302411491e-30,2.01504767760231e-28,57.1286393891069,"Up"
"hsa-miR-181a-5p",1.05060213856595,12.2231665475217,11.594046976516,4.42126446671034e-28,1.54744256334862e-26,52.7661665310212,"Up"
"hsa-miR-144-3p",-1.98389889005344,3.61404303298345,-11.4681123551779,1.45107321015399e-27,4.81145327577375e-26,51.6403131880198,"Down"
"hsa-miR-652-3p",-1.08468577883962,4.92835829257012,-11.3382143838665,4.90280012102898e-27,1.54438203812413e-25,50.4265584888272,"Down"
"hsa-miR-21-5p",1.37813457073501,16.8820811185726,11.2482100653402,1.13401420408208e-26,3.40204261224625e-25,49.5299984864662,"Up"
"hsa-miR-28-3p",-0.885954859651617,10.4705089760159,-11.167139404241,2.40487208443644e-26,6.88667915088616e-25,48.8067533086446,"Stable"
"hsa-miR-1179",-2.35595657324065,1.54146794096056,-10.9565899882553,1.66725637694268e-25,4.56683268466908e-24,46.9653775513522,"Down"
"hsa-miR-363-3p",-1.37866270576473,2.33560412637844,-10.8436186045347,4.66639345762833e-25,1.19418195625681e-23,45.9478299420097,"Down"
"hsa-miR-28-5p",-0.645257615292209,5.84589147334396,-10.8419223581078,4.73881728673338e-25,1.19418195625681e-23,45.8942860114926,"Stable"
"hsa-miR-4787-3p",1.14979195381634,2.24800786424939,10.7030777971439,1.66287864817614e-24,4.02928287827295e-23,44.7128672894762,"Up"
"hsa-miR-6730-5p",0.956286684952207,0.102197595905413,10.6289307970409,3.23692830835332e-24,7.55283271949108e-23,43.8148989349013,"Stable"
"hsa-miR-744-5p",0.99381818078011,5.83326148029593,10.4989657569259,1.03271967554054e-23,2.32361926996621e-22,42.8610259769356,"Stable"
"hsa-miR-221-5p",2.30818969386758,3.89060378410662,10.4814309472311,1.20683594126995e-23,2.62174704482783e-22,42.747062127037,"Up"
"hsa-miR-16-1-3p",0.894809857814719,2.37831035966244,10.4164009739621,2.14753272030006e-23,4.50981871263013e-22,42.1806224904986,"Stable"
"hsa-miR-1247-5p",-2.01935380157891,1.07133262863612,-10.3435027320198,4.08584176966968e-23,8.30348488674805e-22,41.5327204694372,"Down"
"hsa-miR-181a-3p",0.958614889005092,8.01927053451241,10.1664150273661,1.92477474797031e-22,3.78940028506654e-21,39.9403359847157,"Stable"
"hsa-miR-138-1-3p",-1.43626153729832,2.26275585765795,-10.047928438502,5.37452724242246e-22,1.02604610991702e-20,38.9774182029421,"Down"
"hsa-miR-7-2-3p",-2.26718119345122,1.44818141440852,-9.87080863582474,2.45641849277634e-21,4.55159897190911e-20,37.4772409542514,"Down"
"hsa-miR-204-5p",-2.63774704160899,4.28476341062892,-9.778079225663,5.40237052220052e-21,9.72426693996093e-20,36.6552374452123,"Down"
"hsa-miR-15a-5p",0.663190665902206,7.6526364569544,9.76760727905956,5.90333357400487e-21,1.03308337545085e-19,36.5575682420885,"Stable"
"hsa-miR-214-3p",-1.36557306398229,1.52052905005775,-9.68638500291775,1.17174502493615e-20,1.99513342083722e-19,35.9462262159323,"Down"
"hsa-miR-335-3p",0.726222312132223,5.96054885355751,9.67759365962283,1.26169756300492e-20,2.09176174919237e-19,35.8287122469866,"Stable"
"hsa-miR-7-5p",-2.47077204587086,2.15211803271986,-9.53136108851623,4.28802725454021e-20,6.92681325733418e-19,34.6397705225791,"Down"
"hsa-miR-99a-5p",-0.78005940018965,10.620707470402,-9.52119382038604,4.66644182374389e-20,7.34964587239663e-19,34.4793000832237,"Stable"
"hsa-miR-4732-3p",-1.24490085901128,-0.0218756129926839,-9.24831017203596,4.40869497774228e-19,6.77433618531131e-18,32.3614425114554,"Down"
"hsa-miR-222-5p",1.5718606452936,4.77347655537846,9.23045283628852,5.09830869561267e-19,7.647463043419e-18,32.2072121542995,"Up"
"hsa-miR-138-5p",-1.41246987382732,5.35847675302286,-9.12112151403056,1.23575507606654e-18,1.81052487888818e-17,31.2885054190309,"Down"
"hsa-miR-3074-5p",-1.12690084748601,2.17902721915288,-9.0339491025109,2.48958100721774e-18,3.48541341010484e-17,30.6505029760248,"Down"
"hsa-miR-937-3p",0.819984449540918,0.735454398422104,9.03637165576947,2.44175069322944e-18,3.48541341010484e-17,30.5789442142099,"Stable"
"hsa-miR-181d-5p",1.01320734476765,5.75375195573487,8.96796610583173,4.21659529566804e-18,5.77490225276275e-17,30.0990001433608,"Up"
"hsa-miR-181b-3p",0.985000414211575,4.46173485762247,8.8488568972617,1.08375143148685e-17,1.45268808901429e-16,29.1892931665425,"Stable"
"hsa-miR-942-5p",-0.833200700233497,1.79028542025078,-8.74483277150579,2.45283243002621e-17,3.2193425644094e-16,28.4067656889366,"Stable"
"hsa-miR-96-5p",1.17320131638825,3.79364808371119,8.66512857474509,4.56421715074927e-17,5.86827919382049e-16,27.788664082485,"Up"
"hsa-miR-199b-5p",-2.46917838294558,5.12598410362957,-8.6420815239718,5.45769320639109e-17,6.87669344005278e-16,27.544836199105,"Down"
"hsa-miR-508-5p",0.977313614171058,0.398318556339206,8.50421538326905,1.57846142133084e-16,1.94986410870281e-15,26.3641755480863,"Stable"
"hsa-miR-25-3p",-0.494730759487684,12.5842714351294,-8.46935535102906,2.0605116376966e-16,2.49638909951703e-15,26.186800749601,"Stable"
"hsa-miR-195-5p",-1.05078160871857,4.82770644434746,-8.45694258534836,2.2651718839849e-16,2.69256280549149e-15,26.1605268820808,"Down"
"hsa-miR-153-5p",-1.0271208593606,3.32997229024481,-8.3909745411607,3.74027704353083e-16,4.28431734077168e-15,25.6923081103726,"Down"
"hsa-miR-199a-3p",-1.46082221457318,9.94667548998064,-8.39718222866173,3.56831437387817e-16,4.16303343619119e-15,25.6563765011376,"Down"
"hsa-miR-152-3p",-1.06944024018615,8.46053065613729,-8.38415936016522,3.93850709894321e-16,4.43082048631111e-15,25.5702628618187,"Down"
"hsa-miR-199b-3p",-1.44114007381929,9.88030830561938,-8.38090199106335,4.03688464015378e-16,4.46181986543312e-15,25.5352781622808,"Down"
"hsa-miR-486-3p",-0.956124551009681,-0.062757240418718,-8.36516487543754,4.54744281834833e-16,4.93946375096457e-15,25.5168276048232,"Stable"
"hsa-miR-135b-3p",0.882400958306048,1.44636467477,8.33327753515128,5.78550274781839e-16,6.17774022224676e-15,25.289097305513,"Stable"
"hsa-miR-181c-3p",0.842267172289269,6.84403010701342,8.16440407282438,2.04687012545449e-15,2.14921363172722e-14,23.9860776259662,"Stable"
"hsa-miR-187-3p",1.80754817551036,2.15344240306688,8.08446628701627,3.69700543681339e-15,3.75663455676199e-14,23.4537870110166,"Up"
"hsa-miR-151a-5p",0.495126442434344,6.81575929640508,8.09100240633559,3.52313131549958e-15,3.63864381764711e-14,23.4488658304653,"Stable"
"hsa-miR-6842-3p",1.0530903841884,2.33182804773221,8.06880538536883,4.14883102100241e-15,4.14883102100241e-14,23.3644217344027,"Up"
"hsa-miR-106a-5p",-0.676988284945681,2.69639687120697,-7.9503802783779,9.86659538108e-15,9.71242982825063e-14,22.490463262744,"Stable"
"hsa-miR-675-3p",-1.55019860666339,2.02557657257049,-7.89083888221905,1.5195267250112e-14,1.45805746223829e-13,22.0643718921209,"Down"
"hsa-miR-1307-5p",1.0934583016451,7.89362954154634,7.89011616289236,1.52748876996392e-14,1.45805746223829e-13,21.9980181301962,"Up"
"hsa-miR-1247-3p",-2.08171195644359,2.28325785485428,-7.87749238299413,1.67338825184869e-14,1.55034499803629e-13,21.9562881721687,"Down"
"hsa-miR-423-3p",0.515364533262932,6.97569997137291,7.88265010216141,1.6121876268445e-14,1.5159376192717e-13,21.9512671332414,"Stable"
"hsa-miR-224-5p",0.893862799062291,3.94198331019988,7.76278588985085,3.81357608999861e-14,3.48196077782482e-13,21.1622036448353,"Stable"
"hsa-miR-3613-5p",0.847714779616135,3.54445421194238,7.70609930934966,5.70965634035648e-14,5.13869070632083e-13,20.7733992875112,"Stable"
"hsa-miR-20b-5p",-1.13199143762711,3.18497190051012,-7.6401190207242,9.10663023916432e-14,8.08053105728665e-13,20.2900472675519,"Down"
"hsa-miR-27b-5p",0.64849848048606,4.68991319973811,7.60756110688061,1.14524778843737e-13,1.0020918148827e-12,20.062723980674,"Stable"
"hsa-miR-659-5p",0.577538260395177,1.31528226011668,7.50450988502569,2.35374658087567e-13,2.03131554239955e-12,19.3940069230184,"Stable"
"hsa-miR-509-3p",1.37761619860383,2.79200834275095,7.47490392614015,2.89081280295065e-13,2.42828275447854e-12,19.1942569234849,"Up"
"hsa-miR-508-3p",1.41496137190693,4.94370076281831,7.46801677383529,3.03210591760402e-13,2.51345622117175e-12,19.1142442002353,"Up"
"hsa-miR-183-3p",0.589114921483314,-0.249622866307025,7.5007439297949,2.4161801093772e-13,2.05701820122653e-12,19.0676176266835,"Stable"
"hsa-miR-345-3p",-1.16609003555643,0.856552232807831,-7.43109309737178,3.91376842376776e-13,3.16112064996627e-12,18.8918701574261,"Down"
"hsa-miR-375-3p",2.37088397174037,11.4295198854987,7.44338343788552,3.59538858405647e-13,2.94168156877348e-12,18.8639363222704,"Up"
"hsa-miR-18a-5p",-0.703721889329227,2.21148868567589,-7.365657538216,6.13724147879167e-13,4.89425586283386e-12,18.4443465496842,"Stable"
"hsa-miR-1277-3p",0.652905887493732,0.924894206468025,7.34828178362968,6.91231304614078e-13,5.44344652383586e-12,18.2860950250516,"Stable"
"hsa-miR-671-5p",0.766691686359529,2.20902019381479,7.28352153078384,1.07465981786791e-12,8.35846525008377e-12,17.9078402446577,"Stable"
"hsa-miR-514a-3p",1.38203506508826,3.82191119863118,7.20636589518745,1.81064797301786e-12,1.35798597976339e-11,17.3855426348341,"Up"
"hsa-miR-190a-5p",-0.913931586534422,2.86968370789002,-7.20820053138234,1.78841824029529e-12,1.35747408600727e-11,17.3784369786224,"Stable"
"hsa-miR-100-5p",-0.835980804003558,13.4541185028179,-7.20962734520943,1.77131572379593e-12,1.35747408600727e-11,17.2709513799832,"Stable"
"hsa-miR-1226-3p",0.632233516839148,0.582696406036823,7.18876426166933,2.03821536263829e-12,1.51067726877897e-11,17.161673977614,"Stable"
"hsa-miR-26b-5p",-0.574604891992529,10.3321970508591,-7.15856896699465,2.4958529148166e-12,1.82835736783076e-11,16.954847094314,"Stable"
"hsa-let-7e-3p",0.561270567405651,4.99257941677301,7.08734833910583,4.01358029192772e-12,2.90638572863731e-11,16.5683361146903,"Stable"
"hsa-miR-3065-5p",1.24199637535755,2.62845706508273,7.06715789201108,4.58900484971105e-12,3.28531029013405e-11,16.4854750909135,"Up"
"hsa-miR-6730-3p",0.546129303059912,-0.316635880117358,7.05934884945858,4.83267394974925e-12,3.42088155993486e-11,16.1223588231248,"Stable"
"hsa-miR-30a-5p",-0.634901199258023,16.0323955918911,-7.03600554860301,5.63941514192801e-12,3.94759059934961e-11,16.1222779196575,"Stable"
"hsa-miR-218-5p",-0.718508634705692,6.98701845257552,-7.01680407866549,6.40103874126419e-12,4.38332000760482e-11,16.0635436255702,"Stable"
"hsa-miR-506-3p",0.752893570628347,0.0334735320512691,7.01977735521501,6.27681450660313e-12,4.34548696610986e-11,15.9000837044025,"Stable"
"hsa-miR-153-3p",-0.785128970598048,0.880384826765286,-6.97225315924782,8.57890098089144e-12,5.81151356770065e-11,15.8692853202274,"Stable"
"hsa-miR-425-5p",-0.614744377384646,6.57594874896982,-6.94087212930355,1.0534738273001e-11,7.06051607658577e-11,15.5830185780466,"Stable"
"hsa-miR-365b-3p",-0.665648257029863,4.62649086707902,-6.9087888751516,1.29860034044165e-11,8.61177067871832e-11,15.4074147135705,"Stable"
"hsa-miR-365a-3p",-0.66253341663587,4.62577647664362,-6.87561841232384,1.6108229428882e-11,1.05710255627038e-10,15.1966185439385,"Stable"
"hsa-miR-143-3p",-0.927026903352662,16.0217235851091,-6.83231697391137,2.13132584356481e-11,1.38426317674828e-10,14.8196425973847,"Stable"
"hsa-miR-7705",0.468237949414393,-0.297258330754268,6.82118789675934,2.28982669350491e-11,1.47203144582458e-10,14.6101323705729,"Stable"
"hsa-miR-31-3p",1.82537694438041,4.15542087689684,6.71916045789814,4.4002262343685e-11,2.80014396732541e-10,14.26360293074,"Up"
"hsa-miR-374b-5p",-0.449427783254651,6.50129138871694,-6.6630319786081,6.28125551782029e-11,3.95719097622678e-10,13.8392402193132,"Stable"
"hsa-miR-503-5p",1.27400119890593,4.04613605256812,6.6452291402999,7.02833360805694e-11,4.38401007235235e-10,13.799021070195,"Up"
"hsa-miR-27a-5p",-1.11247914940907,3.55188138711656,-6.63123954381795,7.67590423821376e-11,4.7409996765438e-10,13.6837987095525,"Down"
"hsa-miR-379-5p",-1.56124735731066,6.66041955829348,-6.5414342161432,1.34671241242149e-10,8.23717300801497e-10,13.0781538180561,"Down"
"hsa-miR-193b-3p",-0.839535994173654,4.27522265079491,-6.5319300629568,1.42874031672255e-10,8.65486922630005e-10,13.0670197769248,"Stable"
"hsa-let-7c-5p",-0.565970847038898,12.2075597221408,-6.50922650815283,1.64501580618002e-10,9.87009483708015e-10,12.8440032048512,"Stable"
"hsa-miR-125a-5p",0.553397607397864,10.7654385024443,6.47124679989045,2.08058495919219e-10,1.23657407951989e-09,12.6285806286108,"Stable"
"hsa-miR-5010-3p",0.632078428420396,1.12971909326785,6.43593382626561,2.58581584341311e-10,1.50839257532432e-09,12.5227304779101,"Stable"
"hsa-miR-6514-5p",0.502317870844115,-0.0613242771588022,6.45625609667056,2.28200298716833e-10,1.34360923543556e-09,12.4059568520377,"Stable"
"hsa-miR-3610",0.681552540717592,0.432725796651796,6.43243348328565,2.64200053126837e-10,1.52702782999915e-09,12.3516154740155,"Stable"
"hsa-miR-99b-3p",0.499594698551977,6.45291280767245,6.39031733253423,3.41922403181763e-10,1.95828285458646e-09,12.1951853852751,"Stable"
"hsa-miR-1307-3p",0.573468085081744,9.42250765413941,6.36615403392156,3.9619462400899e-10,2.24867219032129e-09,12.0105558826748,"Stable"
"hsa-miR-3065-3p",1.14867609142287,6.78968738634979,6.35006677278942,4.3691258653289e-10,2.4576332992475e-09,11.9586881937172,"Up"
"hsa-miR-411-5p",-1.04605192104753,0.903161867546003,-6.3366354994626,4.74021692544856e-10,2.61959356406368e-09,11.9488867415263,"Down"
"hsa-miR-145-5p",-0.776407088968746,10.5570759346474,-6.34705103756998,4.44988875530043e-10,2.48091142994626e-09,11.8814841227609,"Stable"
"hsa-miR-455-5p",-0.748554875704978,4.0237392306456,-6.31681766844204,5.34469925893398e-10,2.92796568098123e-09,11.7858588812399,"Stable"
"hsa-miR-30a-3p",-0.631573923375344,14.0709549103849,-6.25078761731353,7.95466835563007e-10,4.32020781383357e-09,11.2932921848978,"Stable"
"hsa-miR-639",0.668418149024277,0.359421297656668,6.24924611647517,8.02852711224358e-10,4.32305306043885e-09,11.2523799035277,"Stable"
"hsa-miR-126-5p",-0.660002874496056,8.62219473564931,-6.21975619294454,9.57777653233858e-10,5.07058757594395e-09,11.1478923388863,"Stable"
"hsa-miR-509-3-5p",0.815485369870942,0.126088224132193,6.24407385880811,8.28128160747396e-10,4.42136221415983e-09,11.1374327550472,"Stable"
"hsa-miR-23b-3p",0.436397206597249,11.0875252609981,6.20977762425438,1.01654307201253e-09,5.33685112806576e-09,11.0782224010578,"Stable"
"hsa-miR-337-3p",-1.13365905002083,2.6598117240129,-6.18504606086606,1.1778047867202e-09,6.13237203003078e-09,11.0365117681232,"Down"
"hsa-miR-215-5p",-0.633894165838408,1.75413972674231,-6.16792538638335,1.30382016839229e-09,6.73284185317332e-09,10.9648752836445,"Stable"
"hsa-miR-708-5p",-1.03837507527769,5.19931500601798,-6.15907496458631,1.37403580014147e-09,7.03774434218803e-09,10.8402767804427,"Down"
"hsa-miR-16-2-3p",-0.492000379609027,2.84333904808587,-6.13221058471675,1.61056684680345e-09,8.1172569078894e-09,10.7397846287314,"Stable"
"hsa-miR-10a-5p",-0.789764969746805,12.0764633076159,-6.14412830029363,1.50109459956489e-09,7.62652901391838e-09,10.6862396810757,"Stable"
"hsa-miR-33b-5p",0.808710934575553,1.39143831201606,6.08819819834944,2.08664995603196e-09,1.03510982070877e-08,10.4998875334538,"Stable"
"hsa-miR-497-5p",-0.652584926618215,4.21043200089309,-6.0837943781948,2.14124430427382e-09,1.05389368100977e-08,10.4314853641288,"Stable"
"hsa-miR-150-5p",-1.2967456777268,8.24438198694297,-6.08825121560386,2.08600105329275e-09,1.03510982070877e-08,10.3885683990809,"Down"
"hsa-miR-106b-5p",-0.389282248409554,7.51479473417028,-6.06651569375962,2.36924615142861e-09,1.15707370186048e-08,10.2824317771855,"Stable"
"hsa-miR-29a-5p",0.584060190179085,4.03686561038774,6.0505840512654,2.60037596081297e-09,1.26018219639398e-08,10.2654593710622,"Stable"
"hsa-miR-744-3p",0.511424683367662,4.01599208242607,6.03908274854981,2.78077136743225e-09,1.3373175278491e-08,10.19930241843,"Stable"
"hsa-miR-296-3p",0.630999627880866,1.30644713169362,6.02796687865352,2.96670520498449e-09,1.41592748419714e-08,10.162725112434,"Stable"
"hsa-miR-92b-3p",0.636582446394652,6.68546876043774,6.01200413002711,3.25510152332248e-09,1.54189019525802e-08,9.99773671175681,"Stable"
"hsa-miR-3913-5p",0.46292221341474,2.61294882166809,5.94915501951521,4.68091080258378e-09,2.20072672061775e-08,9.72195604740483,"Stable"
"hsa-miR-139-3p",-0.819130322054523,4.84183734950002,-5.89106655773855,6.53002148173011e-09,3.0249364216838e-08,9.33177232266882,"Stable"
"hsa-miR-2116-3p",0.429752633629521,-0.233144938092786,5.91872437845695,5.57469447145907e-09,2.6015240866809e-08,9.26217069000952,"Stable"
"hsa-miR-1224-5p",0.738543542251797,0.589166000104213,5.88140852139215,6.89983747488763e-09,3.17291796290453e-08,9.197794494958,"Stable"
"hsa-miR-193a-3p",-0.589330298571833,2.99049237146152,-5.82392215154514,9.56226361628514e-09,4.33397559587024e-08,9.00239312773269,"Stable"
"hsa-miR-6734-5p",0.429589344911627,-0.341790068147597,5.82469822874451,9.52040004454474e-09,4.33397559587024e-08,8.71715839606943,"Stable"
"hsa-let-7b-3p",-0.410400218311184,4.66006024244222,-5.74690539095071,1.47435680802068e-08,6.63460563609305e-08,8.55077455300171,"Stable"
"hsa-miR-223-3p",-0.786320466306249,6.6184325977044,-5.72069603084792,1.70653709869211e-08,7.57125614208471e-08,8.37187661766778,"Stable"
"hsa-miR-199a-5p",-1.01304286006846,8.52278730273288,-5.72539325637497,1.66245869812235e-08,7.42800694905733e-08,8.3693401730912,"Down"
"hsa-miR-193a-5p",-0.657294639797635,7.86225813414817,-5.71175012156958,1.79365362529491e-08,7.90211037717338e-08,8.30623297736176,"Stable"
"hsa-miR-3605-3p",0.512272530504055,1.76577275534307,5.64177105619177,2.64180840497881e-08,1.14782020354252e-07,8.04839350212242,"Stable"
"hsa-miR-577",-1.04736673654901,1.79459807316584,-5.63355976558153,2.76387994570828e-08,1.18451997673212e-07,7.99061915488614,"Down"
"hsa-miR-31-5p",1.63263264163219,4.99730185999935,5.63015366761112,2.81611082868679e-08,1.19874987977884e-07,7.949059093936,"Up"
"hsa-miR-16-5p",-0.33536093862492,9.31105645552503,-5.64572721069543,2.58488346508617e-08,1.1308865159752e-07,7.93843133726461,"Stable"
"hsa-miR-30e-3p",-0.457471645603285,13.0819190719949,-5.63384231397993,2.75958978323813e-08,1.18451997673212e-07,7.85001025980875,"Stable"
"hsa-let-7b-5p",-0.516967208631126,13.1806829916194,-5.58669648135722,3.57290597787564e-08,1.51069178930312e-07,7.59848586682111,"Stable"
"hsa-miR-132-5p",0.622001740851732,1.63606620186242,5.52462189154429,5.00620345817165e-08,2.08868091301201e-07,7.43014875781896,"Stable"
"hsa-miR-186-5p",-0.336422440523743,8.17616793059423,-5.54344265471155,4.52105607840337e-08,1.89884355292942e-07,7.40858524996312,"Stable"
"hsa-miR-132-3p",0.554527212166608,6.67256365326036,5.48700945953251,6.13192642065464e-08,2.5415221348766e-07,7.14674025947146,"Stable"
"hsa-miR-877-5p",0.574389313364761,1.09791596930497,5.4677761237627,6.79900446605294e-08,2.78141091793075e-07,7.10760691451655,"Stable"
"hsa-miR-99b-5p",0.386542190049793,15.4812722466137,5.48132597212362,6.32213179798318e-08,2.60323074034601e-07,7.03515433946242,"Stable"
"hsa-miR-629-3p",0.563648985483211,1.63302709325355,5.4178662535502,8.87575435655399e-08,3.56160843606944e-07,6.87624453883394,"Stable"
"hsa-miR-128-1-5p",-0.407775009092008,2.57199509218744,-5.42122597821634,8.7184831100663e-08,3.52092587137293e-07,6.87341217710862,"Stable"
"hsa-miR-632",0.517737369211764,0.0586862893407654,5.44941518627267,7.5012816715181e-08,3.04890803422994e-07,6.79094226094812,"Stable"
"hsa-miR-15b-3p",-0.435489166281864,4.49399290357352,-5.39283158017825,1.01375388195771e-07,3.96686301635626e-07,6.68535296740925,"Stable"
"hsa-miR-130a-3p",-0.507193754128498,7.24310519458159,-5.40154272052915,9.67990729168047e-08,3.83543496462811e-07,6.68328587958239,"Stable"
"hsa-miR-4728-3p",0.586682944569158,1.98415813129866,5.37888109409337,1.09144745351397e-07,4.24451787477655e-07,6.67323628731529,"Stable"
"hsa-miR-182-5p",0.743841854382344,13.3373010061948,5.40476883888065,9.51556685620862e-08,3.79418172114648e-07,6.65502252639342,"Stable"
"hsa-miR-24-3p",-0.360516881998347,10.9760081484934,-5.39836565156645,9.84443966548375e-08,3.87624811828423e-07,6.63165483560994,"Stable"
"hsa-miR-550a-3p",-0.520079432548112,0.784359300624636,-5.33096216191523,1.40484054840901e-07,5.3966435701078e-07,6.42659550918807,"Stable"
"hsa-miR-340-3p",0.393947869249591,2.54918280024441,5.32144709863875,1.47671242508695e-07,5.63835653215019e-07,6.37678178015,"Stable"
"hsa-miR-148b-3p",-0.404445818334681,8.21308117424492,-5.33863659312974,1.34935433942547e-07,5.21529591311686e-07,6.3487672457593,"Stable"
"hsa-miR-664b-3p",0.438212461619317,3.10239460899901,5.30501697710642,1.60929463794872e-07,6.10756398739576e-07,6.28444454774049,"Stable"
"hsa-miR-381-3p",-1.04735017911998,3.09225987392298,-5.29062754650485,1.73483111182009e-07,6.54457245776439e-07,6.18413766336727,"Down"
"hsa-miR-154-5p",-0.760468815976152,0.388000334876529,-5.26116242393574,2.02219118200473e-07,7.58321693251774e-07,6.06731968436918,"Stable"
"hsa-miR-3912-3p",-0.549943173462125,1.34892119638042,-5.25398834951207,2.09885096659933e-07,7.77809475857399e-07,6.03921054796493,"Stable"
"hsa-miR-140-3p",-0.453463724375171,10.2246854845312,-5.25575032288191,2.0797663086048e-07,7.75297499657412e-07,5.91246845677298,"Stable"
"hsa-miR-424-3p",0.83867418101784,3.44925196998694,5.22730161474091,2.40950993293824e-07,8.8771418581935e-07,5.89401763203047,"Stable"
"hsa-miR-491-3p",0.491918925687862,0.827342572655699,5.22393977487563,2.45167089764441e-07,8.97995735765104e-07,5.83551721992227,"Stable"
"hsa-miR-214-5p",-0.840122365177643,3.22556047098873,-5.18361467936382,3.01651422074315e-07,1.09218618337252e-06,5.6506687793938,"Stable"
"hsa-miR-369-5p",-0.804639616726965,0.25405175722021,-5.17531227918098,3.14753559248928e-07,1.13311281329614e-06,5.63678644418449,"Stable"
"hsa-miR-30b-5p",-0.357710254626859,9.46541271803276,-5.18995589041087,2.92001489189466e-07,1.06335802421597e-06,5.59024359352526,"Stable"
"hsa-miR-455-3p",-0.624161888464481,6.68092184541263,-5.16384246168113,3.33763821059061e-07,1.18797292241361e-06,5.49467383169898,"Stable"
"hsa-miR-6843-3p",0.632806750870694,0.854863409146107,5.12590112333187,4.04898409886719e-07,1.43306740577884e-06,5.33499556098798,"Stable"
"hsa-miR-6875-5p",0.389116156946884,-0.272369429263889,5.16802556531896,3.2670536834293e-07,1.16945671622753e-06,5.30915802990192,"Stable"
"hsa-miR-139-5p",-0.724713218613131,6.83424931568876,-5.11576659660518,4.26255129884655e-07,1.500227552108e-06,5.25492435970447,"Stable"
"hsa-miR-324-3p",0.3953702071961,4.50166069315991,5.06878936001139,5.40328133173606e-07,1.88070013204073e-06,5.08215862850855,"Stable"
"hsa-miR-183-5p",0.751559209326786,11.6854562819493,5.07462727077211,5.24690303261462e-07,1.83641606141512e-06,5.01620308938039,"Stable"
"hsa-miR-708-3p",-0.845426981733067,6.69828412521895,-5.06240389506142,5.57948528074704e-07,1.92080640812603e-06,4.99602856591848,"Stable"
"hsa-miR-126-3p",-0.588655038559407,12.3411745100306,-5.06314225917465,5.55882992544477e-07,1.92080640812603e-06,4.94943484873673,"Stable"
"hsa-miR-148a-3p",-0.636711838897423,15.079300150595,-5.02611299811914,6.69140367879248e-07,2.2910784334996e-06,4.75267999924456,"Stable"
"hsa-miR-30b-3p",0.521062710606096,3.0121974806169,4.98188126631885,8.33790804007119e-07,2.82413014260476e-06,4.70195167691115,"Stable"
"hsa-miR-4742-3p",0.416280391041975,0.342718511553332,4.99749400911409,7.71641783240686e-07,2.6277530996845e-06,4.6351412369369,"Stable"
"hsa-miR-4746-5p",0.46744725149989,0.877949971319475,4.97026965703949,8.83118677517478e-07,2.95938705763836e-06,4.61605362742945,"Stable"
"hsa-let-7a-2-3p",-0.568975188891942,3.26915564960082,-4.95699587411128,9.42960806898155e-07,3.12665951760967e-06,4.55641800306866,"Stable"
"hsa-miR-30c-5p",-0.516646162784561,10.3034113622044,-4.96673960419664,8.98665279708322e-07,2.99555093236107e-06,4.50007387239721,"Stable"
"hsa-miR-4797-3p",0.428712582090322,0.100739198413811,4.9733092912115,8.6994024350967e-07,2.93081472412349e-06,4.45784209098959,"Stable"
"hsa-miR-1275",-0.757561506184903,0.295201974998297,-4.92575918801378,1.09962935754527e-06,3.60815882944541e-06,4.43259344674875,"Stable"
"hsa-miR-1301-3p",0.407996769063219,3.34907442321842,4.90503272500326,1.21714035139201e-06,3.97304881542469e-06,4.32832444046704,"Stable"
"hsa-miR-574-3p",-0.332960724550115,6.48447794927713,-4.89085678481923,1.30439187255567e-06,4.23591175108284e-06,4.18850887143935,"Stable"
"hsa-miR-1228-3p",0.349068566016571,-0.385304509804678,4.9344445632686,1.05371148288462e-06,3.4755928493053e-06,4.16247066983554,"Stable"
"hsa-miR-624-5p",-0.432703432530373,0.918778198441999,-4.86524775787163,1.47753450835079e-06,4.70124616293433e-06,4.16110236511952,"Stable"
"hsa-miR-24-1-5p",0.358118575248819,4.50157309967584,4.86912883484561,1.4499391537449e-06,4.63686125309284e-06,4.13178758248831,"Stable"
"hsa-miR-103a-3p",0.326089211847002,14.5129948195813,4.88042897762132,1.37239271694624e-06,4.41126230447006e-06,4.06947704818397,"Stable"
"hsa-miR-212-5p",0.414321080212361,-0.285490017785425,4.88580554391396,1.33691554563365e-06,4.31926560897026e-06,3.94454611274526,"Stable"
"hsa-miR-1291",-0.513036671641957,0.0576709262765143,-4.82578616152435,1.78843760052024e-06,5.66188788104398e-06,3.92947314933047,"Stable"
"hsa-miR-3934-3p",0.509798877278757,2.10130830336741,4.77265388145089,2.30798567353491e-06,7.19817314023264e-06,3.73233810063859,"Stable"
"hsa-miR-29c-3p",-0.486469232099822,12.3394579457032,-4.79922528944902,2.03223017138533e-06,6.4015250398638e-06,3.70249844438238,"Stable"
"hsa-miR-6892-5p",0.536204950350511,1.22119758030345,4.76672285511713,2.37428110580733e-06,7.36845860422963e-06,3.69910210938733,"Stable"
"hsa-miR-195-3p",-0.501646243604281,1.71912636771284,-4.74835327483174,2.59144556190336e-06,7.96395465365424e-06,3.61965263228555,"Stable"
"hsa-miR-5000-3p",-0.408393236102431,0.874037584386576,-4.74721217533927,2.6055481796899e-06,7.96842404468271e-06,3.61674876706198,"Stable"
"hsa-miR-5581-3p",0.296465830770817,-0.467065843629074,4.79307774781025,2.09305707098932e-06,6.56032813295161e-06,3.49544803805881,"Stable"
"hsa-miR-944",0.560783604821499,0.188993308139839,4.75582703990302,2.50087856011421e-06,7.72330143564682e-06,3.43923341489873,"Stable"
"hsa-miR-150-3p",-0.782027255438934,1.05574049844815,-4.7012299889919,3.2394926145518e-06,9.76497773764419e-06,3.40502859965769,"Stable"
"hsa-miR-450b-5p",0.78549651763162,5.52022519647521,4.7109441190078,3.09429635609224e-06,9.41742369245463e-06,3.39123566722351,"Stable"
"hsa-miR-188-5p",0.456634058165413,0.948368187532446,4.70199114504632,3.22788311509459e-06,9.76497773764419e-06,3.38254995491109,"Stable"
"hsa-miR-654-3p",-0.910391179533079,2.50857714897257,-4.67795508279545,3.61452149394699e-06,1.07921731809792e-05,3.27816674363782,"Stable"
"hsa-miR-133a-3p",-0.771062852623455,4.12681071829397,-4.68223619925001,3.54254450592738e-06,1.06276335177821e-05,3.26486735536522,"Stable"
"hsa-miR-339-3p",-0.380652113878281,3.94755044131486,-4.664684880733,3.84667101029445e-06,1.13774776360822e-05,3.19539900994133,"Stable"
"hsa-miR-6820-3p",-0.416116729461313,0.0146829561768458,-4.62478739949203,4.63415620188231e-06,1.34924006750597e-05,2.99151561943362,"Stable"
"hsa-miR-200c-3p",0.38720723142883,13.6754111135016,4.63682588211301,4.38154164763491e-06,1.28389359907441e-05,2.96111234367359,"Stable"
"hsa-miR-765",0.370824754929995,-0.349347165829343,4.672955541574,3.70035695908983e-06,1.09963437935217e-05,2.95804938853249,"Stable"
"hsa-miR-532-5p",-0.394338157607875,9.65982706073532,-4.62417459534935,4.64738245474278e-06,1.34924006750597e-05,2.92683087472072,"Stable"
"hsa-miR-127-3p",-1.12429535600198,6.51064535051568,-4.6156800317545,4.83449816447115e-06,1.39074604731362e-05,2.92088019481475,"Down"
"hsa-miR-4660",0.337159688018052,-0.125480628370778,4.64791382316105,4.16061661296685e-06,1.22485442344351e-05,2.90649433970531,"Stable"
"hsa-miR-4683",-0.418302756942299,-0.288777782557611,-4.6176121906601,4.79131190992531e-06,1.38464518497842e-05,2.8919473806751,"Stable"
"hsa-miR-196a-5p",0.812172425788044,0.742330077150496,4.59922002126896,5.21786857787746e-06,1.49420782002855e-05,2.82207000340011,"Stable"
"hsa-let-7e-5p",0.525416545247797,11.3389610255145,4.59565377774296,5.30469439776483e-06,1.51219795049405e-05,2.79408684460451,"Stable"
"hsa-miR-1270",-0.631292194884128,1.92906916307842,-4.56431275410636,6.12976819326378e-06,1.73172823397138e-05,2.79084456641205,"Stable"
"hsa-miR-4443",0.487769964646551,-0.0559806117229402,4.56644501866587,6.06993735926724e-06,1.7225497911434e-05,2.53100802164959,"Stable"
"hsa-miR-130b-3p",-0.537606785869868,2.97815134159204,-4.5046936151358,8.05127714782602e-06,2.26442169782607e-05,2.5081532920632,"Stable"
"hsa-miR-629-5p",0.446295392357541,6.32952066686604,4.5020597651629,8.14827658999934e-06,2.28151744519982e-05,2.44336919892013,"Stable"
"hsa-miR-3170",0.423942066774694,0.727706088930866,4.47449767226686,9.23286237584881e-06,2.56242435981707e-05,2.34032249600826,"Stable"
"hsa-miR-192-5p",-0.380424544935048,9.43460656737253,-4.48806197440711,8.68287021485522e-06,2.42044612184017e-05,2.33063037120495,"Stable"
"hsa-miR-136-3p",-0.783649744044524,1.60023553579133,-4.42224002880252,1.16802853635021e-05,3.19938251261145e-05,2.17862745401362,"Stable"
"hsa-miR-450a-1-3p",0.402005555629072,-0.194052788680958,4.46020266312811,9.84854003583419e-06,2.72130711516471e-05,2.05019051452471,"Stable"
"hsa-miR-5684",0.399207853779009,0.528844623561212,4.41584188134145,1.20194861783645e-05,3.27804168500849e-05,2.04955121279382,"Stable"
"hsa-miR-7112-3p",0.387326233456584,-0.363003296975794,4.45050408178006,1.02884341993325e-05,2.83044259632291e-05,1.97320385588489,"Stable"
"hsa-miR-548v",0.408288349720321,0.266057582783441,4.39034390721476,1.34672689709037e-05,3.64136457153191e-05,1.87622001042207,"Stable"
"hsa-miR-133b",-0.730008791454278,1.20579023514367,-4.34960420751339,1.61321799117361e-05,4.30647175609905e-05,1.87251199569437,"Stable"
"hsa-miR-26b-3p",-0.321109417624874,5.70906124166888,-4.35875835877572,1.54927272137955e-05,4.17111886525265e-05,1.83064897851881,"Stable"
"hsa-miR-134-5p",-0.989113008149934,5.14669519998568,-4.35666052018481,1.5637093355178e-05,4.19207183564345e-05,1.8227858080847,"Stable"
"hsa-miR-1229-3p",0.356893210794278,-0.238689485981503,4.39763744577505,1.30369398665084e-05,3.54020349823288e-05,1.78411915069322,"Stable"
"hsa-miR-345-5p",-0.709246729827731,5.84876078511079,-4.33918839254352,1.68904376199854e-05,4.48986316480625e-05,1.7421310760524,"Stable"
"hsa-miR-331-3p",0.407121606911655,5.71179976228928,4.27876272399025,2.20070241383571e-05,5.8253887425063e-05,1.50708321870067,"Stable"
"hsa-miR-29b-1-5p",0.433375570234335,2.8127788884378,4.20714829142352,2.99904560644577e-05,7.83982876373791e-05,1.2782644339035,"Stable"
"hsa-miR-598-3p",0.421406003498694,6.6137020918481,4.21394334058144,2.91280585427787e-05,7.6461153674794e-05,1.22526971844242,"Stable"
"hsa-miR-6718-5p",0.395862796970822,-0.254523976362345,4.26627699615777,2.32346532754073e-05,6.12461571694837e-05,1.22011431833449,"Stable"
"hsa-miR-1-3p",-0.754781572595281,4.16774591277438,-4.19977448379602,3.09538161362898e-05,8.05822486192669e-05,1.19588902276602,"Stable"
"hsa-miR-3200-3p",0.450022489736475,2.20757132813889,4.17360942026053,3.46156163264376e-05,8.97441904759492e-05,1.14726557609534,"Stable"
"hsa-miR-324-5p",0.345941126567951,5.01904231993272,4.14970197485383,3.83190269714693e-05,9.85346407837782e-05,0.993774594639955,"Stable"
"hsa-miR-671-3p",0.382479778888291,2.18214450377351,4.13156595337129,4.13767844852e-05,0.000105964935876732,0.977986472955709,"Stable"
"hsa-let-7d-3p",0.33647814723691,9.29318704320064,4.16299918010571,3.62150669065322e-05,9.35061153734232e-05,0.976911618571615,"Stable"
"hsa-miR-2355-5p",0.298922238253646,5.09274539105076,4.09428070092644,4.84076377455854e-05,0.000122971015240802,0.769919853367373,"Stable"
"hsa-miR-30c-2-3p",-0.486749897535156,7.29014882438217,-4.10535687467466,4.62084665078083e-05,0.000117859651416677,0.765082500575792,"Stable"
"hsa-miR-326",-0.534847608127568,2.26489278526569,-4.04835909362286,5.86322080209104e-05,0.000147164506187943,0.637296787259721,"Stable"
"hsa-miR-30d-5p",0.261843609153438,13.8379153462822,4.05533208099683,5.69574662751638e-05,0.000143532815013413,0.514841725971097,"Stable"
"hsa-miR-141-3p",0.40361088492336,10.0882919962949,4.04619245246081,5.9162032816777e-05,0.000147905082041942,0.504555743858676,"Stable"
"hsa-miR-4668-3p",0.400508484045719,0.537842785298859,4.03481378785718,6.20199886475647e-05,0.000153829105700653,0.494529166759709,"Stable"
"hsa-miR-219b-3p",0.244786965989317,-0.47668715702566,4.08380710599469,5.05783960922088e-05,0.00012796943589595,0.45752662223514,"Stable"
"hsa-miR-29b-3p",0.349569444728253,10.6067643193483,4.03117699702699,6.29607381033404e-05,0.000155550058843547,0.441759674945184,"Stable"
"hsa-miR-6733-3p",0.32852790314879,-0.047016130445732,4.03905973130601,6.09385480719664e-05,0.000151744210613988,0.374695367301197,"Stable"
"hsa-miR-34b-3p",-0.442870022742969,0.182167687828777,-3.98143197845058,7.72676034597335e-05,0.000189410856730086,0.34796194251814,"Stable"
"hsa-miR-130b-5p",-0.550012036493587,3.30915268315142,-3.95982392261998,8.43982553518211e-05,0.000205293053558484,0.267113716823462,"Stable"
"hsa-let-7g-5p",-0.386776174806434,9.96613681515124,-3.98563044408423,7.59500715459087e-05,0.00018690837919501,0.264736993272345,"Stable"
"hsa-miR-1251-5p",0.678415445512229,6.99796560594112,3.96760782196586,8.17605908142103e-05,0.000199647954313769,0.24478631555949,"Stable"
"hsa-miR-590-5p",0.302664472457215,3.60585627233929,3.92265994114358,9.81418118199644e-05,0.000236894028530949,0.13453599082645,"Stable"
"hsa-miR-450a-5p",0.623223058083581,4.94167280497274,3.91042314057142,0.000103112915420788,0.000247943269904949,0.0630841514183054,"Stable"
"hsa-miR-548j-5p",-0.325869165444109,-0.188506654819027,-3.92562243857286,9.69728953629719e-05,0.00023497278491797,0.035023722155052,"Stable"
"hsa-miR-142-5p",-0.731248872585689,4.99590669439285,-3.90406514981703,0.000105788945663853,0.000253410782388697,0.0157399842643615,"Stable"
"hsa-miR-370-5p",-0.532566088220938,0.294281933006898,-3.88558042121916,0.000113947174501744,0.000270893282777731,0.00203621300700974,"Stable"
"hsa-miR-758-5p",-0.65450818561635,0.913548751158014,-3.85390104666587,0.00012932874716922,0.000305157718039733,-0.0999423218560702,"Stable"
"hsa-miR-625-5p",0.384397487667509,1.61300472269043,3.85028564133131,0.000131203897183656,0.000308427071737699,-0.10672592227496,"Stable"
"hsa-miR-939-5p",0.303024202986829,0.0729297402014874,3.90124971272487,0.000106994814409048,0.000255328534385227,-0.12129173044545,"Stable"
"hsa-miR-935",0.449324852490103,0.798683060856685,3.85775861874713,0.000127355932830808,0.00030163247249402,-0.138390014021844,"Stable"
"hsa-miR-503-3p",0.511160684091234,1.30099765439063,3.79168420508722,0.000165419196754672,0.000384553852234108,-0.329311275587582,"Stable"
"hsa-miR-342-3p",-0.390936388350153,6.43229327981093,-3.81695492744438,0.000149743281486693,0.000349400990135618,-0.330190105231788,"Stable"
"hsa-miR-4442",0.312247734522302,-0.289553148058856,3.84741066546654,0.000132713323020115,0.000310815589229266,-0.426946883676511,"Stable"
"hsa-miR-3199",-0.333704625715267,0.459570967344446,-3.76223949237252,0.000185634974992855,0.000429963361196687,-0.454326583017771,"Stable"
"hsa-miR-193b-5p",-0.503041467575344,1.31680363160188,-3.73184287857234,0.000208932676801814,0.000480392651040666,-0.548987562304135,"Stable"
"hsa-miR-584-5p",-0.374328528294375,6.00974424122134,-3.73019147345717,0.000210274146981469,0.000481718954903002,-0.642591699927503,"Stable"
"hsa-miR-27b-3p",0.259986762114778,11.4225607254433,3.72151086215609,0.000217459960530539,0.000496375996863186,-0.732462453078282,"Stable"
"hsa-let-7i-3p",-0.385327133694286,8.69278462663341,-3.71388718575895,0.000223960893695661,0.000509369541618291,-0.743125570543096,"Stable"
"hsa-miR-212-3p",0.501213193532379,2.40509625167119,3.6751014608511,0.000259964219213399,0.000584919493230149,-0.754728890890494,"Stable"
"hsa-miR-3922-3p",0.284301186944675,-0.222787487216863,3.7434471998294,0.000199731069747911,0.000460917853264409,-0.787634634488226,"Stable"
"hsa-miR-664b-5p",0.297140855548909,0.248603930742229,3.6943754680192,0.000241442058832513,0.000545191745750835,-0.836745115779327,"Stable"
"hsa-miR-6874-3p",0.302689803475596,-0.131655600313551,3.70655878343762,0.000230382096462462,0.000522088923637952,-0.895203852081174,"Stable"
"hsa-miR-142-3p",-0.744765779216744,9.99033857587316,-3.66083116257042,0.000274529728647054,0.000615493697678447,-0.946990409409611,"Stable"
"hsa-miR-502-3p",-0.248561521803907,3.29016966770332,-3.61708972215981,0.000324098397331571,0.000724049611059893,-0.990945590472229,"Stable"
"hsa-miR-30d-3p",0.288536703859182,3.45981339736448,3.59571898167043,0.000351262070469073,0.000781961499630799,-1.05947060518946,"Stable"
"hsa-miR-1249-3p",-0.357478460207199,0.429892433849117,-3.57019597824756,0.000386499355823684,0.000851379699891332,-1.14232319914488,"Stable"
"hsa-miR-223-5p",-0.465879024408845,0.820588727633619,-3.55668351327106,0.000406469936682232,0.000889152986492383,-1.17170872509123,"Stable"
"hsa-miR-374a-5p",-0.250287146974365,5.42179575180703,-3.57821325575964,0.00037508879430072,0.000829143650559487,-1.17374017754411,"Stable"
"hsa-miR-135b-5p",0.42245846052997,7.67231816339965,3.57896207669822,0.000374039315705755,0.000829143650559487,-1.19861238453885,"Stable"
"hsa-miR-3130-5p",-0.647580732200035,1.90730398794746,-3.54699624325131,0.000421377506051708,0.000918573802119641,-1.21110300502294,"Stable"
"hsa-miR-92a-1-5p",-0.331751931072839,1.24565945162921,-3.53908295260167,0.000433933389060579,0.000942682879683326,-1.23129934088079,"Stable"
"hsa-miR-184",0.605651879733113,0.486749658692583,3.56220073374223,0.000398201833916676,0.000874101586646361,-1.30944723768716,"Stable"
"hsa-miR-3934-5p",0.386033489517415,1.01734857644867,3.50102807510884,0.00049935774804696,0.00107738144270406,-1.37680819560063,"Stable"
"hsa-miR-409-5p",-0.540365458955629,1.3117052249932,-3.45859944924064,0.000583119733113869,0.0012538069346817,-1.50805718041781,"Stable"
"hsa-miR-6808-3p",0.299250647124414,-0.0746141861750357,3.51520716222988,0.000473971590819142,0.00102612406259814,-1.55182565796686,"Stable"
"hsa-let-7c-3p",-0.358961488028648,4.61611553653469,-3.44260474190843,0.000617969679201377,0.00131973185727752,-1.62390453030455,"Stable"
"hsa-miR-2355-3p",0.32773321815569,1.52936152601929,3.41801359998973,0.000675359058221794,0.00142777250563668,-1.639001433699,"Stable"
"hsa-miR-484",-0.273048507685956,5.55084491966828,-3.43980607988799,0.000624263745520528,0.00132866945837139,-1.6513682606595,"Stable"
"hsa-miR-4677-3p",0.259285645205178,3.23686897732658,3.41302150199538,0.000687599984652856,0.001443959967771,-1.68000883123907,"Stable"
"hsa-miR-7-1-3p",0.326174477507511,4.53018723665202,3.4165799054104,0.000678853611513867,0.00143036045235363,-1.69862776760666,"Stable"
"hsa-miR-1288-3p",0.27151691584656,-0.0758385718051363,3.44477800254748,0.000613123001922594,0.00131383500411984,-1.79039179379064,"Stable"
"hsa-miR-499a-5p",-0.353322701660605,0.104944269754754,-3.38746480399927,0.0007535705091736,0.00157201794960056,-1.81507844471356,"Stable"
"hsa-miR-149-5p",0.422134581646437,4.25095037535455,3.35115211525366,0.000857487326676065,0.00177702965725632,-1.90784062311702,"Stable"
"hsa-miR-2277-5p",0.293145909266686,0.0571421438762943,3.3983229460825,0.000724852898360851,0.00151713397331341,-1.91254587284629,"Stable"
"hsa-miR-10b-5p",-0.433175938520275,14.0841652811594,-3.38642678720598,0.000756370626098247,0.00157265179683794,-1.91860666555331,"Stable"
"hsa-miR-3913-3p",0.222832225472809,-0.388016320682781,3.41889213761738,0.000673225962940009,0.00142777250563668,-1.95418008396853,"Stable"
"hsa-miR-6715a-3p",-0.870206870269098,1.16409388424984,-3.32027992615115,0.000956156575198481,0.0019685576548204,-1.9681883422432,"Stable"
"hsa-miR-504-5p",-0.408018164845812,0.108500250939675,-3.32583533807504,0.000937657254249096,0.0019368002300883,-2.00490505115116,"Stable"
"hsa-miR-224-3p",0.385301521618293,1.73416943322302,3.30653818046441,0.00100338204699223,0.00205905762086354,-2.00776674501748,"Stable"
"hsa-miR-194-3p",-0.325101780380795,1.32520496024708,-3.28821441498588,0.0010697258147844,0.00218341362349796,-2.06951910400778,"Stable"
"hsa-miR-376c-3p",-0.491505096501586,0.607995280475471,-3.28789638732929,0.00107091239628709,0.00218341362349796,-2.07528298100461,"Stable"
"hsa-miR-3615",-0.308783982788664,1.70029563433408,-3.21690959979291,0.00136852728387902,0.00276337240014032,-2.29817337941829,"Stable"
"hsa-miR-3652",-0.31629379884911,-0.284389441357269,-3.25902136140717,0.00118387853912157,0.00240594670853738,-2.33027227583345,"Stable"
"hsa-miR-495-3p",-0.434686644636359,0.877711603942009,-3.19715274883745,0.00146403294070543,0.00294301399733082,-2.35907318576015,"Stable"
"hsa-miR-1251-3p",0.486885300495558,2.05878332794996,3.19659117071819,0.001466835547876,0.00294301399733082,-2.3611128238447,"Stable"
"hsa-miR-1292-5p",0.25213991476239,-0.0204313758625584,3.24074845069612,0.00126096745928318,0.00255437138054149,-2.43892855438698,"Stable"
"hsa-miR-136-5p",-0.648235040220353,2.51316949188101,-3.16739195428917,0.00161957418388196,0.00320859036429444,-2.47228216265563,"Stable"
"hsa-miR-424-5p",0.519521064045004,8.37658957365735,3.18172852304969,0.00154283499484461,0.00308566998968922,-2.5242881690512,"Stable"
"hsa-miR-628-3p",-0.319596680934359,1.30904259063948,-3.12188216845022,0.00188712022595544,0.00370369390140787,-2.59213364691171,"Stable"
"hsa-miR-6720-3p",-0.303804624635814,-0.333959981646749,-3.17759355888871,0.00156461634592371,0.00311933005674663,-2.60726516714082,"Stable"
"hsa-miR-581",0.236496225199814,-0.217765638267632,3.17267192009913,0.00159091149578737,0.00316174839856796,-2.70588308811691,"Stable"
"hsa-miR-6806-3p",-0.282960748258957,0.951449069198043,-3.07753243117819,0.00218646460644501,0.00425145895697642,-2.72546548067808,"Stable"
"hsa-miR-616-5p",0.413727304640688,1.6503442548641,3.06264544255198,0.00229634641133738,0.00442415363652155,-2.76818750397744,"Stable"
"hsa-miR-769-5p",0.184147093345929,3.93313258631247,3.0724081965512,0.00222372944639295,0.0043106140037771,-2.78274471196953,"Stable"
"hsa-miR-6516-5p",0.235438939409398,-0.289806263025493,3.15305190773081,0.00169984204041788,0.00335705481336447,-2.78520234120391,"Stable"
"hsa-miR-3690",0.340276546375065,-0.136989738265319,3.12676708327784,0.00185656643353005,0.00365511516601228,-2.84879926923697,"Stable"
"hsa-miR-192-3p",-0.272428648410089,1.69617985157993,-3.02408210744347,0.0026049844634213,0.00500341856903116,-2.88867491985182,"Stable"
"hsa-miR-21-3p",0.475985280102325,9.9591061891757,3.06556711611711,0.00227438938338605,0.0043952923666663,-2.90120474673829,"Stable"
"hsa-miR-196b-5p",-0.468919076613148,3.13805504693947,-3.02314977515923,0.00261289636382738,0.00500341856903116,-2.92294271134653,"Stable"
"hsa-miR-548b-3p",-0.347942875900584,1.32545401258506,-3.00682919223102,0.00275501082573404,0.0052595661218559,-2.93868654156131,"Stable"
"hsa-miR-6514-3p",0.229511606345258,-0.279092483968801,3.09229412644838,0.00208229803992159,0.00407406138245528,-2.96833960862337,"Stable"
"hsa-miR-545-5p",0.191672760639987,-0.44705506764353,3.08324124879498,0.00214562492515113,0.00418496502428858,-3.03286758926864,"Stable"
"hsa-miR-7706",0.272500994474632,0.755797219112867,2.92946189694487,0.00352997209769557,0.00667832559023487,-3.20211189235654,"Stable"
"hsa-miR-655-3p",-0.342712926877965,-0.122038589335731,-2.95442404573707,0.00326054168588346,0.00618717247622464,-3.21365624483095,"Stable"
"hsa-miR-4677-5p",0.215693823882819,-0.293287920531289,2.99106991107693,0.00289892207355153,0.00551758581975064,-3.27303899037199,"Stable"
"hsa-miR-4772-3p",-0.390286563313957,1.32107052364792,-2.88566517491871,0.00405222285704508,0.00759791785695952,-3.29000929164359,"Stable"
"hsa-miR-218-1-3p",-0.368346810426568,0.942679910798273,-2.87297423495818,0.00421618472656637,0.00788188836123683,-3.32458330269529,"Stable"
"hsa-miR-5698",0.452468297274658,0.374893343956536,2.92476377934956,0.00358289715633286,0.00675815930685539,-3.33964630592114,"Stable"
"hsa-miR-452-5p",0.288557104556229,5.89900882040007,2.86981385693183,0.00425794301179502,0.0079364026551209,-3.41475697351154,"Stable"
"hsa-miR-346",0.364023597494812,1.24303951217611,2.84030926447876,0.00466631974402922,0.0086719216481959,-3.41563332572285,"Stable"
"hsa-miR-4662a-5p",-0.320226415086472,2.8505687898087,-2.83564683250315,0.00473401195281546,0.00877184567727571,-3.45262333441408,"Stable"
"hsa-miR-425-3p",0.204160998873168,3.05724310750735,2.82810368832969,0.00484541731593277,0.00895194401477315,-3.46809791708889,"Stable"
"hsa-miR-103a-2-5p",0.351380157282086,0.939585914751033,2.82134463444366,0.00494725691325959,0.00908679841210944,-3.48923339673553,"Stable"
"hsa-miR-592",0.429215303708581,2.01770132666678,2.81454760330409,0.00505162221119285,0.00922470142913476,-3.48951099622398,"Stable"
"hsa-miR-589-5p",0.203397006851518,5.7354948936489,2.8173997307142,0.00500758847751568,0.00917087424661302,-3.55952963245179,"Stable"
"hsa-miR-874-3p",-0.42639956851323,6.5142495092763,-2.82156426147415,0.00494391748671189,0.00908679841210944,-3.56863446436114,"Stable"
"hsa-miR-140-5p",-0.203070967678322,5.43493949420721,-2.80973878959013,0.00512666037919509,0.00933467063263845,-3.58119124394518,"Stable"
"hsa-miR-6798-3p",0.206121602294877,-0.401870221560148,2.89211095802404,0.00397118747692938,0.00746820331482241,-3.58711999243682,"Stable"
"hsa-miR-874-5p",-0.360558917779241,1.55957450286453,-2.76786833514069,0.00582394995792813,0.0105131474885236,-3.618380638788,"Stable"
"hsa-miR-1976",-0.216638800502976,4.06449164226398,-2.77450929913774,0.0057079245496103,0.0103333116846393,-3.64947562468417,"Stable"
"hsa-miR-320a-3p",-0.233765368513462,8.93612001000144,-2.79719767752767,0.00532713076465129,0.00967173597040435,-3.67094601614515,"Stable"
"hsa-miR-1287-5p",-0.247546277530619,4.84655343244814,-2.73654308928233,0.00640049755529067,0.0115208955995232,-3.76926908859763,"Stable"
"hsa-miR-181c-5p",0.31402514487426,7.50647070043125,2.70119856764809,0.00711245283872753,0.012729674114768,-3.90305774771317,"Stable"
"hsa-miR-511-5p",0.418498131878274,3.31095747391786,2.66061409309055,0.00801727825563842,0.0142278459184569,-3.92314906710447,"Stable"
"hsa-miR-125a-3p",0.251543371717844,2.83503415326574,2.65716512741559,0.00809874392260579,0.0143320468293305,-3.9237235554695,"Stable"
"hsa-miR-561-5p",-0.242341474939884,-0.360607028735365,-2.72384845169818,0.00664845379445926,0.0119331221951833,-3.93868636515904,"Stable"
"hsa-miR-605-5p",-0.259539588783358,-0.0992473744402212,-2.68966569142975,0.00735973866386683,0.0130978399950172,-3.96153098483283,"Stable"
"hsa-let-7a-5p",-0.247162105997406,15.5204236578831,-2.69603293062176,0.00722227368887216,0.0128896102662591,-3.99134731903476,"Stable"
"hsa-miR-582-3p",-0.284052313213443,5.67647685016649,-2.6417467237734,0.00847208920491904,0.0149507456557395,-4.03826194615918,"Stable"
"hsa-miR-361-3p",-0.188914961404414,7.87185012103722,-2.59113115839275,0.00980857953922728,0.0171650141936477,-4.20350174482201,"Stable"
"hsa-miR-301a-5p",0.2900728802816,1.88375216967593,2.53442876559008,0.011526851707702,0.0199503202633304,-4.2278939092706,"Stable"
"hsa-miR-3157-3p",-0.192222930705834,-0.400530553355273,-2.61057525980236,0.00927435518446875,0.0162753308251123,-4.25793484396946,"Stable"
"hsa-miR-542-5p",0.383631829504823,3.52475366233146,2.52868772259072,0.0117149473557807,0.0202203200935394,-4.26727650103051,"Stable"
"hsa-miR-141-5p",0.250768713941913,9.39238438050392,2.56516056814845,0.0105649478268445,0.0184374435759336,-4.2856352003178,"Stable"
"hsa-miR-299-5p",-0.326569846447915,0.0421374215193854,-2.54258177496365,0.0112643500177463,0.0195496983779069,-4.29205671060245,"Stable"
"hsa-miR-203a-5p",0.213980799727586,-0.272284488014922,2.61595969313827,0.00913109547113177,0.0160686875609302,-4.30492215115982,"Stable"
"hsa-miR-3613-3p",0.211012132025589,0.135589295107343,2.54548754428001,0.0111720877099965,0.0194431360698833,-4.37494282122259,"Stable"
"hsa-miR-106b-3p",-0.188484588444749,7.70452722654416,-2.51964859995227,0.0120166345433662,0.0206843709353024,-4.38113013424628,"Stable"
"hsa-miR-210-3p",-0.405314017714439,6.12975671918048,-2.46542507216595,0.0139756067892267,0.0237963034519265,-4.49111499820025,"Stable"
"hsa-miR-100-3p",-0.233795560244335,-0.0341494522439394,-2.46708237714966,0.0139117773187229,0.023751814934405,-4.51716756074356,"Stable"
"hsa-miR-501-3p",0.260593058737398,4.66499008673127,2.42839526025489,0.0154709836886667,0.0262714817354718,-4.54254434929928,"Stable"
"hsa-miR-34c-5p",-0.329126528504552,1.7751162631678,-2.39057487223006,0.0171423067495296,0.0287990753392097,-4.57931089210928,"Stable"
"hsa-miR-328-3p",0.239573486661526,7.08211138908036,2.41772518625518,0.0159272960164281,0.0269013310733235,-4.61331513585415,"Stable"
"hsa-miR-449a",0.213766429069817,-0.363315684021739,2.50401566969244,0.0125547217098956,0.0215517021178045,-4.61341540277356,"Stable"
"hsa-miR-5001-5p",0.185051186319204,-0.404135328845115,2.49840083695119,0.0127531432336537,0.0218328267315267,-4.63329456109898,"Stable"
"hsa-miR-487b-3p",-0.332232200007655,0.595566166415717,-2.37005962001905,0.0181137421152984,0.0303501530123351,-4.63373669963807,"Stable"
"hsa-miR-361-5p",0.144282762856864,8.22718890613072,2.41335173066556,0.0161177317074239,0.0271501897745376,-4.64459466877987,"Stable"
"hsa-miR-330-5p",0.197120074013105,4.24435885122132,2.36423266534237,0.0183983299145259,0.030653031092849,-4.68712039304614,"Stable"
"hsa-miR-576-5p",-0.18540956153145,3.2194964311605,-2.33429728979428,0.0199230787366319,0.0330303673791528,-4.73832610599554,"Stable"
"hsa-miR-4423-5p",0.238883382641625,-0.21075419664775,2.42646606610174,0.0155526224700763,0.0263391186993227,-4.76355972605972,"Stable"
"hsa-miR-889-3p",-0.378913752153799,1.64594028480139,-2.29872554026767,0.0218777611797749,0.0359869178675148,-4.79177619581316,"Stable"
"hsa-miR-483-5p",-0.301496528432693,-0.25941210691559,-2.36820563179115,0.0182038685631983,0.0304202578111802,-4.79346814674003,"Stable"
"hsa-miR-151a-3p",-0.180846041102916,11.3708836049079,-2.36337649197761,0.0184404742606187,0.030653031092849,-4.79421121712478,"Stable"
"hsa-miR-33a-5p",0.312015839587273,3.70194845974177,2.29528144613087,0.0220756157790634,0.0361237349111947,-4.83003237928259,"Stable"
"hsa-miR-3117-3p",-0.327210009465856,0.162419510725268,-2.28814303258154,0.0224906744283523,0.0367075774348755,-4.88107339213772,"Stable"
"hsa-miR-3926",-0.235400884620068,0.508225985570837,-2.2574929462388,0.0243510363000148,0.039437410974317,-4.9029491032551,"Stable"
"hsa-miR-891a-5p",0.806330528052269,3.38943512258655,2.23892660226121,0.0255418253283505,0.0411543477157566,-4.93793673053086,"Stable"
"hsa-miR-4521",-0.196666204543005,-0.224592528441974,-2.30637586375531,0.0214437959086418,0.0353654225718437,-4.95145062313008,"Stable"
"hsa-miR-107",0.167077859266406,6.51892354280904,2.26703656914277,0.0237579276437912,0.0386756961643113,-4.95452897377056,"Stable"
"hsa-miR-758-3p",-0.373093880056699,1.32317123970113,-2.22360975886268,0.0265619063102686,0.0425801551538656,-4.95883031430204,"Stable"
"hsa-miR-30e-5p",-0.17209709933749,13.5110828158687,-2.29596519687412,0.0220362123181526,0.0361237349111947,-4.96457105932182,"Stable"
"hsa-miR-382-5p",-0.393754086120952,1.64795369607956,-2.21438385927967,0.0271932143185009,0.0434815355854202,-4.9801270380126,"Stable"
"hsa-miR-194-5p",-0.181681599401706,8.29137284953952,-2.25162896970156,0.0247218123720571,0.0399352353702461,-5.0227926032055,"Stable"
"hsa-miR-23c",0.250863704612831,-0.26310928349784,2.31241280523574,0.021106673453763,0.0349007986243325,-5.05301184457883,"Stable"
"hsa-miR-93-5p",-0.196176740018656,11.5319519525742,-2.23224891142617,0.0259822961078699,0.0417572616019338,-5.09366854244738,"Stable"
"hsa-miR-130a-5p",-0.236316299415422,1.13823621247324,-2.15509474656172,0.0315682434186223,0.0499698325470655,-5.1045779284558,"Stable"
"hsa-miR-1306-5p",0.185454365074656,3.27544955029796,2.15817900848289,0.0313265617650528,0.0497121761007135,-5.12338184513312,"Stable"
"hsa-miR-500a-5p",-0.199888924855938,2.03003667159488,-2.13550253128431,0.0331412321509584,0.052067272456618,-5.15165087942773,"Stable"
"hsa-miR-152-5p",-0.232532174957923,0.123138588875916,-2.17079021784177,0.0303548400959347,0.0482917910617143,-5.16029253396594,"Stable"
"hsa-miR-15a-3p",0.159289881252442,-0.371058013919565,2.26131570387259,0.0241119356195523,0.0391508232997885,-5.17679550510918,"Stable"
"hsa-miR-98-3p",0.190873849345699,1.13997341296625,2.1174919349069,0.0346461028032052,0.0542961312587544,-5.18401048553021,"Stable"
"hsa-miR-17-3p",-0.140686949324783,8.24860956302977,-2.17665673914259,0.0299117318244302,0.0477073191123823,-5.18612101169397,"Stable"
"hsa-miR-500b-5p",-0.197667116732551,2.02942295168184,-2.10818946020593,0.0354460300180065,0.0552747497805546,-5.20902566113744,"Stable"
"hsa-miR-148a-5p",-0.295445487016589,5.38231262427543,-2.14147366631362,0.0326548556817226,0.0514313976987131,-5.21604807374866,"Stable"
"hsa-miR-616-3p",0.235218501650236,0.601533743233842,2.11315085798743,0.0350174509478222,0.0547419208365459,-5.25642124408465,"Stable"
"hsa-let-7a-3p",0.168880720229615,5.03230997487799,2.10352369297822,0.0358531580273409,0.0557715791536414,-5.28022938289452,"Stable"
"hsa-miR-29a-3p",0.18148309048814,14.2668819915655,2.14712984190904,0.0321997994672918,0.050841788632566,-5.29549360821518,"Stable"
"hsa-miR-145-3p",-0.22831052811255,5.1361032331968,-2.09254022903436,0.0368273711720107,0.0571459207841546,-5.31231914174507,"Stable"
"hsa-miR-3127-5p",-0.174461308024489,2.02826641887177,-1.97200082452328,0.0490876433209725,0.075243832827768,-5.48416466173212,"Stable"
"hsa-let-7d-5p",-0.122170354981851,8.67147663825741,-2.02603884990923,0.043221326019067,0.0669027896609637,-5.50556028823062,"Stable"
"hsa-miR-320b",-0.169126692016855,2.09622651842112,-1.95605230565777,0.0509420473003353,0.0775205067613799,-5.51588669084014,"Stable"
"hsa-miR-19b-3p",-0.176601680068464,6.97783877443813,-2.00124513660644,0.045834750166217,0.0706012044125103,-5.52853755228181,"Stable"
"hsa-miR-505-5p",0.163913375080789,2.54074849577655,1.94675492726607,0.0520499859243825,0.0790156412827975,-5.53618612236416,"Stable"
"hsa-miR-331-5p",-0.12782882444452,2.25732402224492,-1.93996297180675,0.0528720749711128,0.0800690949241185,-5.54871413742725,"Stable"
"hsa-miR-676-3p",-0.30261114708477,1.20711516793106,-1.92808448369231,0.0543359781448758,0.0811176924911653,-5.56514137834579,"Stable"
"hsa-miR-4444",0.192389351261071,0.763783781225649,1.93494188841191,0.0534867904298514,0.0804216658014472,-5.58080518878412,"Stable"
"hsa-miR-188-3p",0.204799015627632,0.659357676874542,1.93611948678054,0.053342086192837,0.0803959672284385,-5.59728412454786,"Stable"
"hsa-miR-3677-5p",0.188853818412943,0.414104489797443,1.9618521007787,0.0502609851665469,0.0766692994065969,-5.59742327308447,"Stable"
"hsa-miR-3193",-0.203320628067518,0.299974714992894,-1.92879375912351,0.0542476251952768,0.0811176924911653,-5.62063819122972,"Stable"
"hsa-miR-542-3p",0.322129084192273,9.8713964586651,1.96460866752635,0.0499399774525027,0.076364528628827,-5.6363938901713,"Stable"
"hsa-miR-18a-3p",-0.165519943515416,-0.0314434950522007,-1.9316614124116,0.0538916320436044,0.0808374480654066,-5.69460239752373,"Stable"
"hsa-miR-660-5p",-0.199474669062766,5.7067649051304,-1.90492169470975,0.057288152533906,0.0853227803696472,-5.69532690355571,"Stable"
"hsa-miR-942-3p",-0.137508563337592,-0.452365475716549,-1.98979043635433,0.047086512172502,0.0723524455333567,-5.70254279344827,"Stable"
"hsa-miR-548e-3p",0.128460723726817,-0.420664549382868,2.01267378185893,0.0446139625024254,0.0688892068052156,-5.70812110624906,"Stable"
"hsa-miR-29c-5p",0.159888669013429,5.86649509688704,1.88754794436726,0.059589262493126,0.0885406494591259,-5.72590058912689,"Stable"
"hsa-miR-5187-5p",0.17366984714766,0.0482824726449464,1.93892948668699,0.0529981152116784,0.0800690949241185,-5.73453441994998,"Stable"
"hsa-miR-340-5p",0.229341396911462,3.72438073758137,1.85446411841091,0.0641838044454724,0.0946974163949593,-5.73877012783071,"Stable"
"hsa-miR-125b-2-3p",0.18224858868094,5.5126334518568,1.87630502164216,0.0611189456124912,0.0905998487902811,-5.73904808599982,"Stable"
"hsa-miR-23b-5p",0.166249958325983,1.17641653048586,1.82452152508113,0.0685912712847434,0.100494188161368,-5.75530514552364,"Stable"
"hsa-miR-769-3p",0.147861572014464,0.982067741100971,1.8022001387575,0.0720367323189311,0.105053567965108,-5.80183841521205,"Stable"
"hsa-miR-191-5p",-0.125635631694129,9.23827998781318,-1.86120231503987,0.0632249703689122,0.0935017167427575,-5.83009246829406,"Stable"
"hsa-miR-34c-3p",-0.222407232287886,1.25021828210395,-1.77969086469519,0.0756538520388039,0.109316345835886,-5.83764542139941,"Stable"
"hsa-miR-129-5p",-0.380426111996241,1.40435261806056,-1.76521406725329,0.078057759078023,0.112274858947841,-5.86538859202468,"Stable"
"hsa-miR-370-3p",-0.263642208746664,0.403950656658921,-1.77052080859758,0.0771694217158895,0.111251111398193,-5.88426639618907,"Stable"
"hsa-miR-6716-3p",0.151944004855039,0.276609760102961,1.8005997136727,0.0722891343751826,0.10517818627336,-5.92530249396783,"Stable"
"hsa-miR-4772-5p",-0.158200777684532,-0.367859873643386,-1.84935866174571,0.0649182909233264,0.0955572973871393,-5.94096971620539,"Stable"
"hsa-miR-125b-1-3p",0.191744948006322,2.41392071856399,1.7215569084177,0.0856868678764122,0.122409811252017,-5.94386730455306,"Stable"
"hsa-miR-3651",-0.240676277221609,0.293472602077068,-1.7440487942096,0.0816841704354316,0.117223296980232,-5.94956684245206,"Stable"
"hsa-miR-378d",0.153592134572886,-0.243233581201408,1.83820127294412,0.0665476408156688,0.0977273046943388,-5.99585764700577,"Stable"
"hsa-miR-95-3p",-0.179726662882778,3.8385045964802,-1.69693403498275,0.0902495079412611,0.128636176477363,-6.02770490166064,"Stable"
"hsa-miR-5703",-0.16833405780974,-0.317663135656511,-1.78012899825321,0.0755820540241734,0.109316345835886,-6.0505613694303,"Stable"
"hsa-miR-1271-5p",-0.14118083303878,1.67668104895251,-1.6489363970473,0.0997060590919332,0.140840397372013,-6.06278307536884,"Stable"
"hsa-miR-5706",0.138989338357194,-0.201340594779332,1.79442616451259,0.0732695716071343,0.106359055558743,-6.06293644209661,"Stable"
"hsa-miR-3917",-0.216530773755716,0.440912305812913,-1.65382714126963,0.0987076118287712,0.139743360566575,-6.0843095507624,"Stable"
"hsa-miR-2110",0.190336569744241,0.928439311726897,1.63945173840451,0.101665365494537,0.143286756737267,-6.08618176418019,"Stable"
"hsa-miR-4786-5p",0.13123489106203,-0.354858823854746,1.80250854870978,0.0719881764370798,0.105053567965108,-6.08898795516082,"Stable"
"hsa-miR-216a-5p",0.238800164623515,0.232360128592394,1.72571739225904,0.0849347102835979,0.121611062451515,-6.09176053986107,"Stable"
"hsa-let-7g-3p",0.143794251224072,6.10539375737196,1.66758411496159,0.0959419904482263,0.136133905365727,-6.11860681805336,"Stable"
"hsa-miR-330-3p",-0.165401181798777,1.99351661343742,-1.61536937814614,0.106778450353031,0.14985836344426,-6.11874631959194,"Stable"
"hsa-miR-93-3p",0.128528638666014,3.192117768373,1.61525220899241,0.106803817756306,0.14985836344426,-6.138594336744,"Stable"
"hsa-miR-26a-2-3p",0.146602221189626,2.13917956484454,1.59842172019096,0.110497675474437,0.154696745664212,-6.14528328020815,"Stable"
"hsa-miR-323a-3p",-0.199842937567017,-0.145724751485495,-1.66828252419617,0.0958032619864257,0.136133905365727,-6.18613759416335,"Stable"
"hsa-miR-4661-5p",0.153883632377908,1.50487832304981,1.5670374185073,0.117655267801757,0.163626531379927,-6.18951484777855,"Stable"
"hsa-miR-22-5p",0.134236111649086,4.65438836464495,1.59731372710404,0.110744357290975,0.154698326149255,-6.20258158137532,"Stable"
"hsa-miR-185-3p",0.178187254470464,2.90355154030903,1.53020561343271,0.126514968283046,0.174407943147306,-6.26306044763019,"Stable"
"hsa-miR-155-5p",0.279346082293633,7.47794799919521,1.57809435386243,0.115093076332054,0.160417340905297,-6.28309442496065,"Stable"
"hsa-miR-664a-3p",0.132412000350943,6.12061595748866,1.56547601910123,0.118020674912499,0.163773183248621,-6.28309976634078,"Stable"
"hsa-miR-653-5p",0.191881524598654,3.08990944439019,1.50945415977845,0.131731232369923,0.180414513897938,-6.29889226816684,"Stable"
"hsa-miR-5586-5p",0.203408574936725,1.19648948850123,1.49018895464661,0.136722070362357,0.18643918685776,-6.30571027226456,"Stable"
"hsa-miR-197-3p",-0.108706770376179,7.99186757159404,-1.55555929774015,0.120362316939796,0.166655515762795,-6.33237275474646,"Stable"
"hsa-miR-301a-3p",0.145805000331704,3.25718090868035,1.47140586094879,0.141727636871151,0.192431920751778,-6.3606948470826,"Stable"
"hsa-miR-432-5p",-0.209106544085923,0.754959614208953,-1.42926914263845,0.153469135637161,0.20739493271841,-6.40119226952531,"Stable"
"hsa-miR-127-5p",-0.356319587856458,5.06832012704879,-1.47802888493962,0.139946776707815,0.190424339796811,-6.40241043953478,"Stable"
"hsa-miR-362-5p",0.210982693933173,2.95455298087733,1.42719810266244,0.154064807162248,0.20739493271841,-6.4151515002419,"Stable"
"hsa-miR-23a-3p",-0.0991898055847109,11.724175573191,-1.52332858103594,0.128225472500117,0.175995746568788,-6.41610445717271,"Stable"
"hsa-miR-10a-3p",-0.13674767012787,-0.159709011342942,-1.52827104163763,0.126994338173539,0.174686535042205,-6.43179833699644,"Stable"
"hsa-miR-1306-3p",0.130633466634826,0.607222228783041,1.42767559756629,0.153927314280747,0.20739493271841,-6.44384478756238,"Stable"
"hsa-miR-362-3p",-0.123165583024994,1.37752082976826,-1.39307125581299,0.16413576790872,0.220480882265445,-6.4471879968585,"Stable"
"hsa-miR-760",0.138150028462639,-0.0741099303889489,1.53802516657757,0.124591732286489,0.172133314343176,-6.44991458987754,"Stable"
"hsa-miR-5683",-0.22679794830977,0.976136704061794,-1.38868195897415,0.165466354161928,0.221263494723129,-6.45246095720759,"Stable"
"hsa-miR-454-5p",-0.121053955571705,-0.0990341036105107,-1.49163749565242,0.136341797575283,0.186323931610474,-6.47133678050517,"Stable"
"hsa-miR-10b-3p",-0.163874373352578,2.83963209719799,-1.38767741884532,0.165772015094154,0.221263494723129,-6.4752737193564,"Stable"
"hsa-miR-17-5p",-0.113228904531304,8.11002637323328,-1.44391304225955,0.149307255882605,0.202287249905465,-6.50094276634129,"Stable"
"hsa-miR-431-3p",-0.211717749586229,0.704213493413872,-1.35481795173304,0.176006835057787,0.233933135203387,-6.50666315915505,"Stable"
"hsa-miR-342-5p",0.115891198699536,2.76765245154342,1.31058592816682,0.190520153065116,0.251630390840719,-6.57125312501814,"Stable"
"hsa-miR-500b-3p",0.121990780685189,0.388379849440269,1.36231835319283,0.173630034915013,0.231261991535853,-6.58087802522491,"Stable"
"hsa-miR-99a-3p",-0.114715381231565,2.73568032270704,-1.30551259954081,0.192239700234552,0.25337031620872,-6.58173768652764,"Stable"
"hsa-miR-501-5p",-0.11193428666645,1.40563667664487,-1.27859053799623,0.20155634374761,0.263992716343024,-6.59953947077649,"Stable"
"hsa-miR-585-5p",-0.167912624739952,0.151515007859926,-1.34772390917318,0.178277168034641,0.236451822866998,-6.60312325093239,"Stable"
"hsa-miR-429",0.324413728394673,6.36130660173749,1.3337084604953,0.18282669296836,0.2419765053993,-6.61877244851393,"Stable"
"hsa-miR-940",-0.136692551144328,1.0679510773267,-1.23360890325496,0.2178519451148,0.284154711019304,-6.65370178157535,"Stable"
"hsa-miR-4999-5p",0.149992302018334,1.14298503023732,1.17429228302158,0.240763366856588,0.3089224462722,-6.7249435434083,"Stable"
"hsa-miR-589-3p",0.121288145149446,0.930744052082598,1.16577486341908,0.244188104511715,0.312213677722083,-6.74281887592408,"Stable"
"hsa-miR-20a-3p",-0.112706087792971,2.95049482424335,-1.17604648225072,0.240062260378445,0.308651477629429,-6.74714083552163,"Stable"
"hsa-miR-335-5p",-0.123693646842412,3.79667501537444,-1.19494585338105,0.232600092565805,0.300899503729892,-6.74770566234302,"Stable"
"hsa-miR-382-3p",-0.14974217519156,-0.114872387967206,-1.2835417707742,0.199818594687544,0.262809425163158,-6.75543051306013,"Stable"
"hsa-miR-1296-5p",0.0911207589493035,2.66708098667854,1.15568075021939,0.248291038144505,0.31585535336824,-6.75954551240019,"Stable"
"hsa-miR-4727-5p",0.0901191364498305,-0.464859168017136,1.38942643130685,0.165240100999766,0.221263494723129,-6.76543619278673,"Stable"
"hsa-miR-4473",-0.119765640745139,0.157448736186548,-1.21730469189085,0.223986923238613,0.290952085856343,-6.77720133219116,"Stable"
"hsa-miR-200b-5p",0.230088241528079,3.73140473124259,1.15451511248243,0.248767928714399,0.31585535336824,-6.78598454808271,"Stable"
"hsa-miR-485-3p",-0.154682197891203,0.357891525620785,-1.16544953241059,0.244319592249186,0.312213677722083,-6.7876650907905,"Stable"
"hsa-miR-410-3p",-0.191475618167545,1.48710466442798,-1.11699609170902,0.264461825340309,0.332556786356077,-6.79370718250155,"Stable"
"hsa-miR-323b-3p",0.154513001766566,-0.0165602813701813,1.28147935577679,0.200541108860319,0.263210205379168,-6.79619809032513,"Stable"
"hsa-miR-491-5p",-0.103569269225588,2.94542667649164,-1.12990555875528,0.258986442061199,0.327633450800312,-6.79976560791659,"Stable"
"hsa-miR-374a-3p",-0.134502725360049,9.85194446303294,-1.23071307801494,0.218932653664852,0.284974321919126,-6.80506715999146,"Stable"
"hsa-miR-1343-3p",0.116728049269847,0.225480584131343,1.21204995299818,0.22599032956629,0.292950427215561,-6.81021801369749,"Stable"
"hsa-miR-454-3p",-0.0862618762240079,2.89050244117263,-1.09100578285532,0.275726619730349,0.343295988992332,-6.8410406279178,"Stable"
"hsa-miR-1262",-0.102876223905604,0.0637029719790625,-1.18186092656474,0.237748702981259,0.306929678029084,-6.8461154348577,"Stable"
"hsa-miR-1266-5p",0.127367795992126,3.70659989332503,1.1019648608307,0.270937304239966,0.339344933739917,-6.84658495377487,"Stable"
"hsa-miR-550a-3-5p",-0.107434166418088,-0.0962380900601974,-1.17814133163726,0.239226896855569,0.308206431531715,-6.88916292450349,"Stable"
"hsa-miR-32-3p",0.0943721779321481,0.829180604003055,1.01762441818428,0.309283827298105,0.379083290268106,-6.91092671198676,"Stable"
"hsa-miR-203b-3p",-0.19327960165832,4.82031247711003,-1.07025967972708,0.284950822488916,0.352689623119876,-6.91138286778526,"Stable"
"hsa-miR-185-5p",-0.0869670058986971,6.58830566909422,-1.09815279528736,0.272596721254253,0.340071157208275,-6.91234520076557,"Stable"
"hsa-miR-3064-3p",0.0883755938671515,-0.330470690081778,1.24972543847202,0.211907538441206,0.27697458343975,-6.9147704621564,"Stable"
"hsa-miR-26a-1-3p",-0.0981230429229506,0.244028562635754,-1.07656710888481,0.282124515447041,0.350568924519992,-6.92287639727174,"Stable"
"hsa-miR-6837-3p",-0.0932753830790961,0.244119082470362,-1.06196865307262,0.288695079490764,0.356623333488591,-6.9363717928503,"Stable"
"hsa-miR-377-5p",-0.128494772343684,-0.209082761019293,-1.15875580173183,0.247036038653596,0.315045960226246,-6.94123746971662,"Stable"
"hsa-miR-628-5p",-0.0907678083464107,4.14730582368061,-1.02532719213547,0.30563934014581,0.37607965682004,-6.94258130799723,"Stable"
"hsa-miR-374b-3p",0.0769582352201053,1.229682026857,0.925923694810885,0.354873509756232,0.425038614346818,-6.98344224277071,"Stable"
"hsa-miR-570-3p",-0.0897884322869908,-0.356861862194004,-1.15352190881272,0.249174778768278,0.31585535336824,-6.99691310099382,"Stable"
"hsa-miR-20b-3p",-0.109046330708358,-0.255068132037701,-1.12020109385563,0.263095056514005,0.331499771207647,-6.99789404008432,"Stable"
"hsa-miR-497-3p",0.105732137376672,-0.00900093189121693,1.09858928802843,0.272406360428747,0.340071157208275,-7.00330005191238,"Stable"
"hsa-miR-3928-3p",0.0852325549442734,0.409637338121604,0.988454824220209,0.323345088649202,0.390993101437614,-7.00538365050058,"Stable"
"hsa-miR-4638-3p",0.0961674913581937,0.260559102415391,1.02322973486431,0.306628889413683,0.376561794016803,-7.00908706314844,"Stable"
"hsa-miR-3909",0.0877194260676711,-0.163436750069962,1.12443958018243,0.261295077960182,0.329891581392615,-7.01136156100905,"Stable"
"hsa-miR-338-3p",-0.14526580111079,8.86870906926032,-1.03739491064879,0.299987258159878,0.369847304580671,-7.01429780329434,"Stable"
"hsa-miR-6868-3p",0.113743856733731,-0.12275513641899,1.10773766065583,0.268437603354769,0.336883844847619,-7.02687482652312,"Stable"
"hsa-miR-590-3p",0.0763215189400213,2.21843605022036,0.874330506689929,0.382302781682222,0.455294428090358,-7.037073006388,"Stable"
"hsa-miR-200a-5p",0.255278809212983,8.33108099181885,1.00085478499961,0.317317392703401,0.385926558693325,-7.03943497617526,"Stable"
"hsa-miR-6802-3p",0.0919378523313014,0.239792775235401,0.988869755247926,0.323142185943189,0.390993101437614,-7.04730855300751,"Stable"
"hsa-miR-493-5p",-0.141650483664306,1.05866832896037,-0.850734706101224,0.395270339261667,0.46808329649408,-7.05134521225865,"Stable"
"hsa-miR-1287-3p",0.101401262583298,3.15909399388367,0.850736596863037,0.395269289589441,0.46808329649408,-7.07662843184567,"Stable"
"hsa-miR-125b-5p",0.0784245537591914,11.8798390048718,0.98883835423831,0.323157538234049,0.390993101437614,-7.08506999232627,"Stable"
"hsa-miR-3173-5p",-0.0766509451859518,-0.378362957530554,-1.07163636925901,0.284332307049735,0.35261683748294,-7.09351774774108,"Stable"
"hsa-miR-101-5p",-0.0949273391452143,4.3251010338088,-0.862343674240068,0.388857397414705,0.46222671768163,-7.09958671431468,"Stable"
"hsa-miR-320c",0.0732407061263835,0.292619221753622,0.908497059066566,0.363995718448861,0.43513719662767,-7.10844490064579,"Stable"
"hsa-miR-6509-5p",0.0850712105852237,-0.0932232746700393,1.01384347001245,0.311083236101253,0.380548424745222,-7.11113268509787,"Stable"
"hsa-miR-203a-3p",0.143452559349566,11.5700155392302,0.944408386689785,0.345357069458075,0.414428483349689,-7.12546023022428,"Stable"
"hsa-miR-92a-3p",0.0625839865376179,13.0520217935491,0.9471897305615,0.343939403690936,0.413653293167634,-7.13366367612327,"Stable"
"hsa-miR-511-3p",0.0949623020090916,-0.079514803649328,0.983562723036992,0.325743618954952,0.393138850462873,-7.13751456556052,"Stable"
"hsa-miR-4536-3p",-0.0788894019072958,-0.118498702150505,-0.946963677038264,0.344054485110857,0.413653293167634,-7.1478504529863,"Stable"
"hsa-miR-3136-5p",-0.0738661096133352,-0.340360652830364,-1.00552972918702,0.315064172228163,0.384671373069269,-7.14866191661611,"Stable"
"hsa-miR-579-5p",-0.0754587997865038,-0.327898606029458,-1.00240092646867,0.316571016943705,0.385763521614186,-7.14949025760341,"Stable"
"hsa-miR-887-3p",-0.073972051750735,1.87731015487691,-0.720022339792235,0.471803380279448,0.550437276992689,-7.15859016841836,"Stable"
"hsa-miR-27a-3p",0.077489074619649,10.3739705801214,0.876754230580601,0.380985747843203,0.454585267312913,-7.17945833199904,"Stable"
"hsa-miR-29b-2-5p",0.0839310259876518,6.15342065634795,0.765847574831078,0.444080796467233,0.522936264998797,-7.21263554555528,"Stable"
"hsa-miR-664a-5p",-0.0596293107058954,3.31011570373847,-0.678938875457876,0.497449366635664,0.573980038425767,-7.21530042719958,"Stable"
"hsa-miR-191-3p",0.0600756599448711,0.920227880535167,0.636163486843141,0.524922630321268,0.600183769695824,-7.21643464264722,"Stable"
"hsa-miR-98-5p",0.0619210548570521,6.20163908746665,0.754058127174844,0.451122543301837,0.529249911136234,-7.22254227086586,"Stable"
"hsa-miR-219a-5p",-0.0665936061624902,0.814687309415292,-0.598005513955441,0.550071362542548,0.626092798874099,-7.24157588176202,"Stable"
"hsa-miR-582-5p",-0.0578411715300597,1.87681100573996,-0.580486175985286,0.561813889858236,0.637734685785024,-7.24905466266853,"Stable"
"hsa-miR-101-3p",-0.0771949845714115,14.7146353062089,-0.826113314341046,0.409081951049538,0.48262477371013,-7.25335272121463,"Stable"
"hsa-miR-148b-5p",-0.0494251795311782,1.46610173513321,-0.557121640261232,0.57766079279185,0.651030947153605,-7.25942675350029,"Stable"
"hsa-miR-146a-5p",0.113637128908839,6.38565380288986,0.703858656578274,0.481805309883403,0.557973061078206,-7.261085659497,"Stable"
"hsa-miR-423-5p",0.0628855473919332,6.0581277724192,0.673391109379927,0.500968671480617,0.575931136921148,-7.27783783345165,"Stable"
"hsa-miR-660-3p",-0.0639623883775139,-0.215741942182175,-0.827578514830534,0.408252060144922,0.482549339383303,-7.28358645306384,"Stable"
"hsa-miR-625-3p",-0.0594599525946613,6.80461542771096,-0.681180885598095,0.496030869541917,0.573393482222766,-7.28555366067107,"Stable"
"hsa-miR-92b-5p",0.0783291748540371,0.0619405114940636,0.758493588962122,0.448465869576781,0.527114734763754,-7.2945575592956,"Stable"
"hsa-miR-627-5p",0.0547160745977919,0.690435096730502,0.532704270515946,0.594443805978595,0.668749281725919,-7.29697457495512,"Stable"
"hsa-miR-339-5p",0.0553833323195105,4.96961661082552,0.597266638085798,0.550564143771827,0.626092798874099,-7.30359188297307,"Stable"
"hsa-miR-5091",-0.0798065585230935,0.551159189639976,-0.529677643920024,0.596539596033007,0.669910776293751,-7.30422566060025,"Stable"
"hsa-miR-34b-5p",-0.0763784030990728,-0.0194853589726729,-0.716270615356057,0.474114634727514,0.552111312159582,-7.31289777858346,"Stable"
"hsa-miR-412-5p",0.104433153430804,0.281775684299074,0.653058479328299,0.513979220336583,0.589812220058374,-7.31719989609355,"Stable"
"hsa-miR-651-5p",-0.0466536151198027,2.00651499020376,-0.44484761667767,0.656597034389157,0.725712511693279,-7.31892552723532,"Stable"
"hsa-miR-3682-3p",-0.058604820032134,-0.0139266563751384,-0.705687498066145,0.480667869403828,0.557680953451955,-7.32196628277458,"Stable"
"hsa-miR-452-3p",0.0390930651775308,1.55501924890153,0.417458626142082,0.67649857787796,0.743794247928648,-7.32745808766465,"Stable"
"hsa-miR-642a-5p",-0.0588839458866617,0.915464729011457,-0.403052946333831,0.687058872141814,0.751128875924976,-7.33433851942081,"Stable"
"hsa-miR-532-3p",-0.0505850051584966,5.39752468005151,-0.561947121777844,0.574370699973788,0.648483048357503,-7.3354889171984,"Stable"
"hsa-miR-3622a-3p",0.077334451683584,0.307946694796686,0.601700981212774,0.547610005006242,0.624989679626689,-7.3360901623478,"Stable"
"hsa-miR-887-5p",0.0626971141062378,-0.0897508900021039,0.735337430956283,0.462433393303253,0.540506563601205,-7.35047767262512,"Stable"
"hsa-miR-493-3p",0.0720755113086956,0.463080228273934,0.509679590939802,0.610471222633183,0.683120551081537,-7.35137716214425,"Stable"
"hsa-miR-219a-1-3p",-0.0360634565346527,1.65639280105659,-0.346351070593312,0.729205405559196,0.785298129063749,-7.35618373146701,"Stable"
"hsa-miR-483-3p",-0.0956101628873888,-0.101976298720576,-0.673474229351394,0.500915845699355,0.575931136921148,-7.36031786710619,"Stable"
"hsa-miR-550a-5p",-0.0298085532021179,1.54323975350847,-0.330281272373265,0.741307566080376,0.791124460557533,-7.36052962451157,"Stable"
"hsa-miR-3940-3p",0.0710859569094042,-0.139243716474064,0.739919790878262,0.459650206802674,0.53825210090276,-7.36203072323717,"Stable"
"hsa-miR-4326",-0.0459359221980993,1.32670037490147,-0.310045302231014,0.756638677656765,0.80249556721172,-7.36464340610058,"Stable"
"hsa-miR-19a-3p",-0.0559625809311113,4.23781652195431,-0.433027847552874,0.665156681550823,0.732602638771011,-7.37466582454318,"Stable"
"hsa-miR-585-3p",0.0427127751362474,0.901146807090315,0.296897201589978,0.766652051599438,0.811749231105288,-7.37491945635308,"Stable"
"hsa-miR-1180-3p",-0.0497961057115646,5.4023738789498,-0.478272877796553,0.632637517005216,0.704172501260223,-7.37905378047811,"Stable"
"hsa-miR-3677-3p",-0.0268499908899731,1.49891208422312,-0.25830390641322,0.796264663879119,0.833300229640939,-7.38112533107927,"Stable"
"hsa-miR-1468-5p",0.0402066103024437,3.80716318348404,0.381004616483302,0.703340343813223,0.76265820413482,-7.38423272336926,"Stable"
"hsa-miR-33a-3p",-0.0234081969834294,0.985699586632461,-0.241084933356845,0.8095751036473,0.841637483989767,-7.38483974495163,"Stable"
"hsa-miR-30c-1-3p",0.0227415792310033,1.20481283522862,0.211869288550246,0.832283976767298,0.85957197600557,-7.38877214377295,"Stable"
"hsa-miR-766-3p",-0.0237528256258686,2.49599969664652,-0.243891208855088,0.807401943120548,0.841238217492535,-7.39404377888028,"Stable"
"hsa-miR-200b-3p",0.143231066035103,9.32806389395918,0.562347386356001,0.574098192909859,0.648483048357503,-7.39611594725101,"Stable"
"hsa-let-7f-2-3p",0.0158554751240445,0.963529072217745,0.173160447983815,0.862586159376695,0.886507798380616,-7.40027581343212,"Stable"
"hsa-miR-19b-1-5p",-0.0206309063423284,2.85089788663915,-0.234839259433538,0.814416974909717,0.843886010186056,-7.40461019274487,"Stable"
"hsa-miR-369-3p",-0.0347091910544057,0.623640306513893,-0.2433050363951,0.807855748544418,0.841238217492535,-7.4089378405585,"Stable"
"hsa-miR-200c-5p",-0.0382014276708906,4.75334760387706,-0.373004174975642,0.709282595668597,0.767780129331986,-7.40913984553257,"Stable"
"hsa-miR-378c",0.0129325772396354,1.90409992955048,0.120056840817805,0.904479995364965,0.92353711034024,-7.40995134189509,"Stable"
"hsa-miR-6511b-3p",0.0105780976545093,1.82811910098909,0.115833482201519,0.90782489583914,0.925452563719512,-7.41018700462673,"Stable"
"hsa-miR-409-3p",0.0183151197077416,1.79681991401491,0.10670777408042,0.915057978475494,0.931319105718192,-7.41102408305995,"Stable"
"hsa-miR-23a-5p",0.0127300407935091,1.70533070224307,0.0910464120936731,0.927487373599198,0.942446847366927,-7.41200046415394,"Stable"
"hsa-miR-421",-0.00165698785484603,1.33379635426657,-0.0177892840607311,0.985813115231637,0.988952647445751,-7.41202418626699,"Stable"
"hsa-miR-6755-5p",0.0263514678346956,0.575996573815902,0.282851202391417,0.7773925463454,0.819742228836683,-7.41236568230858,"Stable"
"hsa-miR-539-5p",-0.0375402940501233,0.582364741402869,-0.247721354491081,0.804438311188352,0.840457937062458,-7.41282776249705,"Stable"
"hsa-miR-6833-3p",0.0531440025231278,-0.270660242189575,0.710153534416088,0.477896411007853,0.55548844821946,-7.41371319266079,"Stable"
"hsa-miR-151b",-0.0107845648929397,2.60805020817998,-0.131934694295252,0.895082030285967,0.915424803701557,-7.41731840162419,"Stable"
"hsa-let-7f-1-3p",-0.00507751896585473,2.37630837347608,-0.0677988468858492,0.945969295499158,0.955318989489013,-7.4188791090225,"Stable"
"hsa-miR-15b-5p",-0.0405697519129999,7.66068445908992,-0.470326419492505,0.638299903221584,0.709222114690649,-7.42141537524305,"Stable"
"hsa-miR-378a-5p",-0.0328408195272116,4.89828744386012,-0.338391981262541,0.735191156654496,0.787884484961808,-7.42447839261935,"Stable"
"hsa-miR-32-5p",-0.0373947670854182,6.0444418406032,-0.398123304301735,0.69068685378035,0.751128875924976,-7.42601739689084,"Stable"
"hsa-miR-338-5p",-0.00924083230253059,2.76491863407466,-0.0674828812067663,0.946220713398641,0.955318989489013,-7.42750739139492,"Stable"
"hsa-miR-296-5p",0.0142767305808982,3.22902988945529,0.161553914124671,0.871713816553999,0.892975129152877,-7.42840623480604,"Stable"
"hsa-miR-301b-3p",-0.0597074217207587,0.0544703148497068,-0.485588005664634,0.62744400257043,0.699627825874992,-7.43944836956393,"Stable"
"hsa-miR-217-5p",0.0617632111632487,4.59626804911548,0.260942726259389,0.794229966008157,0.832553874517702,-7.43968531349818,"Stable"
"hsa-miR-502-5p",0.0361578320408047,0.231182144702505,0.397566650273438,0.691096974500872,0.751128875924976,-7.44884341490835,"Stable"
"hsa-miR-24-2-5p",-0.0128563907894019,4.2490383547554,-0.167829916849007,0.866776009916754,0.889363006917842,-7.45373457312012,"Stable"
"hsa-miR-135a-5p",-0.0623378660555804,9.11170816579757,-0.439654488216752,0.660352317644357,0.728584868854545,-7.45688938234829,"Stable"
"hsa-miR-4791",-0.0434685054066504,0.00117643580254591,-0.466063310839721,0.641346423001419,0.710102366416334,-7.46137565289081,"Stable"
"hsa-miR-3614-3p",0.0550682350870602,-0.308177480235474,0.647291260113124,0.517701404676612,0.593003427175028,-7.46480470347047,"Stable"
"hsa-miR-378a-3p",0.0357053852642739,7.60447403816405,0.343902767940351,0.731044945902463,0.785935692693775,-7.47076653749836,"Stable"
"hsa-miR-505-3p",0.00484072544407255,4.77727960767774,0.0814749382773813,0.935092564443837,0.947119478455977,-7.4750486391572,"Stable"
"hsa-miR-143-5p",0.0248811160606879,5.71378289436672,0.194019074360136,0.846229367947584,0.871118467004865,-7.4798191388192,"Stable"
"hsa-miR-205-5p",-0.0183676268710204,4.92780490235399,-0.0537857588079529,0.95712450982961,0.963240321394017,-7.48062219356492,"Stable"
"hsa-miR-200a-3p",0.0812122886087474,7.97340060634685,0.324816555297633,0.745437880142432,0.793286933259683,-7.48296131204534,"Stable"
"hsa-miR-2114-5p",0.0558112401058819,-0.058950679196664,0.502500067412211,0.615507910024647,0.68753543141051,-7.4860552836244,"Stable"
"hsa-miR-6761-5p",-0.0422117579904644,-0.109731070375971,-0.466834233055783,0.64079505282708,0.710102366416334,-7.48964141578716,"Stable"
"hsa-miR-20a-5p",-0.0301887407688097,7.77171011715074,-0.292165559687844,0.770265272186864,0.814206579660611,-7.49103688482803,"Stable"
"hsa-miR-548o-3p",-0.0282105730815209,0.0404744170574826,-0.36360734794225,0.716284688352987,0.772704372709558,-7.49591564420434,"Stable"
"hsa-miR-500a-3p",-0.0225848031253593,7.4071702762665,-0.238517192234827,0.811564835837423,0.842316056964706,-7.49877180834665,"Stable"
"hsa-let-7f-5p",-0.0517340305375793,14.2125671713444,-0.415157381536994,0.678181330356264,0.744345362586144,-7.50442278823535,"Stable"
"hsa-miR-676-5p",-0.0412532366103302,0.0226605702759263,-0.337006970674206,0.736234435393623,0.787884484961808,-7.51175579314781,"Stable"
"hsa-miR-3614-5p",0.00906562585796014,0.235771891321669,0.0817001907952602,0.934913514899199,0.947119478455977,-7.51453144744363,"Stable"
"hsa-let-7i-5p",-0.0272089387597045,10.8863481915622,-0.3175777836086,0.750920347905019,0.797773725430291,-7.51669868337312,"Stable"
"hsa-miR-128-3p",-0.00248942744710146,7.16055394256426,-0.032925693350014,0.973745252539047,0.978404320733014,-7.52203301235393,"Stable"
"hsa-miR-4781-3p",-0.0374177170854129,-0.41013637374127,-0.564582201156091,0.572577821600035,0.648483048357503,-7.52780398645067,"Stable"
"hsa-miR-1304-5p",-0.043072799170548,-0.365608647094103,-0.522888469551266,0.601252990728202,0.674002462915956,-7.53770258484345,"Stable"
"hsa-miR-548aw",0.0331756693237244,-0.164728554951271,0.411002516514453,0.681223590874321,0.7463841082623,-7.54815533748914,"Stable"
"hsa-miR-6803-3p",0.0281835130875833,-0.0676547880047103,0.329165753774856,0.742150089189686,0.791124460557533,-7.54916057286538,"Stable"
"hsa-miR-618",0.0343794759029528,-0.179352821604669,0.369190208494972,0.712121663619375,0.769531128782516,-7.56967803042579,"Stable"
"hsa-miR-652-5p",0.0255129538177304,-0.105690861159152,0.281922103008417,0.778104528324344,0.819742228836683,-7.57290787158089,"Stable"
"hsa-miR-22-3p",-0.0193495270073818,16.5709026371639,-0.22694918964098,0.820543795201103,0.848838408828728,-7.57926945629125,"Stable"
"hsa-miR-320d",0.0168053126694932,-0.0822397786911787,0.195151188481777,0.845343424974866,0.871118467004865,-7.59042681016898,"Stable"
"hsa-miR-4685-3p",-0.0269109415349588,-0.436585709275765,-0.396998752191637,0.691515473073787,0.751128875924976,-7.61380297000557,"Stable"
"hsa-miR-4449",0.0247458548683598,-0.265854632413882,0.277932014816336,0.781164306070927,0.821591841109657,-7.61660840960603,"Stable"
"hsa-miR-154-3p",8.33120770497298e-05,-0.172910738447947,0.00083071601122663,0.999337472289338,0.999337472289338,-7.62771116192712,"Stable"
"hsa-miR-1301-5p",0.0263282224683841,-0.436123439242223,0.398998060697198,0.690042551717316,0.751128875924976,-7.62983054541424,"Stable"
"hsa-miR-365b-5p",-0.0191327838551216,-0.398000478711822,-0.26257041875418,0.792975610293129,0.832553874517702,-7.64825671615771,"Stable"
"hsa-miR-643",0.0203297796163494,-0.467708148663586,0.336509259054806,0.73660946292461,0.787884484961808,-7.65870927602387,"Stable"
"hsa-miR-3920",0.00479248495960899,-0.295770235297125,0.0580885327208408,0.95369825954298,0.961327845619324,-7.66430642608644,"Stable"
"hsa-miR-580-3p",0.00031434367264993,-0.382845974403023,0.0045901432708053,0.996339198083867,0.997923203168261,-7.68491014008876,"Stable"
