"","baseMean","log2FoldChange","lfcSE","stat","pvalue","padj","tag"
"hsa-let-7a-2-3p",11.0194740521683,-0.566983379694186,0.114528119893744,-4.95060409810459,7.39834708785665e-07,2.96876348111445e-06,"Stable"
"hsa-let-7a-3p",34.3334507305001,0.116935862001323,0.0779606609981573,1.49993420404794,0.133631446845805,0.197973868178313,"Stable"
"hsa-let-7a-5p",52976.0595290069,-0.0450829189938898,0.0998077336151903,-0.451697652685988,0.651486809483468,0.722599806293283,"Stable"
"hsa-let-7b-3p",26.8660111666146,-0.50630431684285,0.0775242732059839,-6.53091342756078,6.53697781441168e-11,4.38116598199932e-10,"Stable"
"hsa-let-7b-5p",10160.906253077,-0.383164277881109,0.0912516853301843,-4.19898302693994,2.68116414359105e-05,8.68545130298092e-05,"Stable"
"hsa-let-7c-3p",27.2087724498555,-0.353971216624559,0.0999989317566417,-3.53974997938965,0.000400506264653988,0.00103834957502886,"Stable"
"hsa-let-7c-5p",5289.72629110931,-0.301666737362741,0.0899413394012322,-3.35403874759962,0.0007964120961971,0.00194472721164408,"Stable"
"hsa-let-7d-3p",674.935178990943,0.538251873022658,0.0770519159713649,6.98557415785339,2.8369336100586e-12,2.17959533455722e-11,"Stable"
"hsa-let-7d-5p",420.647169259265,0.0633173043864337,0.0499005233896233,1.26887054654822,0.204487238738735,0.282515264046936,"Stable"
"hsa-let-7e-3p",33.6313142465879,0.527767122133602,0.0773157142611159,6.82613007171079,8.72358411893612e-12,6.0394043900327e-11,"Stable"
"hsa-let-7e-5p",3085.05215846888,0.820061816097072,0.112154334585094,7.31190478844018,2.63381718970942e-13,2.30459004099574e-12,"Stable"
"hsa-let-7f-1-3p",4.95536243766285,-0.0577712355278811,0.0827902683855082,-0.697802249642102,0.485300872023062,0.577957560254309,"Stable"
"hsa-let-7f-2-3p",1.62128515826176,0.0218232969274357,0.145548550117645,0.149938263966191,0.880813322663629,0.915697018610703,"Stable"
"hsa-let-7f-5p",25285.9554630256,0.0449593412742267,0.137541525948361,0.326878307945385,0.743759928387833,0.796885637558392,"Stable"
"hsa-let-7g-3p",73.2295988508547,0.00579263026956798,0.0762546229314218,0.0759643159573089,0.939447487876923,0.951917301229764,"Stable"
"hsa-let-7g-5p",1123.87420859797,-0.139720038023163,0.0932074918929112,-1.49902153985317,0.133868044196764,0.197973868178313,"Stable"
"hsa-let-7i-3p",472.740872714719,-0.144482842853897,0.0998296107527605,-1.44729446267927,0.147814469337935,0.216062913417399,"Stable"
"hsa-let-7i-5p",2078.35112279993,0.303200132205676,0.0858020788904114,3.53371545452799,0.000409761962577229,0.00105799195255596,"Stable"
"hsa-miR-1-3p",29.1116988487029,-0.656109451977924,0.189125393405632,-3.46917693157531,0.000522055523551143,0.00131661572434688,"Stable"
"hsa-miR-100-5p",12835.8246051471,-0.720128367310798,0.106776177264228,-6.74427934921075,1.53788404641304e-11,1.04179241853786e-10,"Stable"
"hsa-miR-101-3p",29333.4912219663,0.0109369960500912,0.0831168742050154,0.131585747836404,0.895311959073187,0.924666449534603,"Stable"
"hsa-miR-101-5p",22.1489485300703,-0.0514040383527817,0.103331249311963,-0.49746846859066,0.618858733020007,0.694975047776479,"Stable"
"hsa-miR-103a-2-5p",1.79343224213344,0.390165409144175,0.167822789876318,2.32486546929484,0.020079154903143,0.037205492908765,"Stable"
"hsa-miR-103a-3p",24436.188190417,0.369159913940676,0.0721216858803784,5.11857022522972,3.07860605927463e-07,1.31940259683198e-06,"Stable"
"hsa-miR-106a-5p",6.73383517600278,-0.845998702297759,0.0909073357059447,-9.30616540159407,1.32530838224756e-20,2.31928966893323e-19,"Stable"
"hsa-miR-106b-3p",222.163221087554,-0.166019328842473,0.0783812882228721,-2.11809900815113,0.0341666835267439,0.0599582468575171,"Stable"
"hsa-miR-106b-5p",191.463233962421,-0.364825199526684,0.064186906703424,-5.68379469059572,1.31738416197214e-08,6.63961617633959e-08,"Stable"
"hsa-miR-107",95.8275412996116,0.10622170279799,0.069930310307399,1.5189651287269,0.128771273708068,0.19269810554889,"Stable"
"hsa-miR-10a-5p",5337.53121655268,-0.459188607174755,0.123950101347803,-3.70462470124388,0.000211703941198533,0.000583597644721641,"Stable"
"hsa-miR-10b-5p",20789.5784188097,-0.192083307040942,0.121447687750099,-1.58161353747787,0.113737821681805,0.174767872340335,"Stable"
"hsa-miR-1179",5.73240142819705,-1.56051906688399,0.272916702454425,-5.71793170901506,1.07828458690379e-08,5.52292105487307e-08,"Down"
"hsa-miR-1180-3p",47.7964651251409,-0.0580892089975982,0.10035724752265,-0.578824254665691,0.562707763511067,0.648091208431394,"Stable"
"hsa-miR-1224-5p",1.4201344515288,1.40406320045122,0.281154620669111,4.99391828279305,5.91664401852192e-07,2.38941393055693e-06,"Up"
"hsa-miR-1226-3p",1.24314956839377,0.853645617111963,0.230671056023866,3.70070537598632,0.000215000988721056,0.000588915751714196,"Stable"
"hsa-miR-1229-3p",0.390345543272384,0.920652695292383,0.338798046307833,2.71740851319985,0.00657953424438989,0.0132431519935004,"Stable"
"hsa-miR-1247-3p",13.1554264323427,-1.00736927966607,0.305729636931533,-3.29496770341458,0.000984329920195173,0.00234896912773848,"Down"
"hsa-miR-1249-3p",1.02601557450246,-0.52296140189877,0.165263262915604,-3.16441411522798,0.00155395517454177,0.00355997003622297,"Stable"
"hsa-miR-1251-3p",5.17399001987655,0.919627336672697,0.178358903914899,5.15604949619718,2.52214253746113e-07,1.08832177986336e-06,"Stable"
"hsa-miR-1251-5p",177.050835481554,0.966829593765829,0.15334107359039,6.30509211347025,2.88022549866323e-10,1.77035149759942e-09,"Stable"
"hsa-miR-125a-3p",7.50508515489258,0.240024644114925,0.109354623865283,2.19491993690745,0.0281693414150286,0.0507048145470514,"Stable"
"hsa-miR-125a-5p",1897.24043114106,0.779068266510026,0.0848960333356029,9.1767334220468,4.44366629536303e-20,7.17823016943259e-19,"Stable"
"hsa-miR-125b-1-3p",5.67649035527094,0.180025065740306,0.122349342690111,1.47140198534844,0.141182436836329,0.207330851298105,"Stable"
"hsa-miR-125b-2-3p",51.5028895096027,0.0994873213774935,0.101799757301354,0.977284465256479,0.328428341686148,0.423995605045642,"Stable"
"hsa-miR-125b-5p",4129.78646497887,0.552316459391133,0.0849825751205398,6.49917301997173,8.07627344611369e-11,5.27938988207783e-10,"Stable"
"hsa-miR-126-3p",6091.62755134415,-0.266168776094882,0.102595848093348,-2.59434256884066,0.0094772005414015,0.0186582385658842,"Stable"
"hsa-miR-126-5p",437.530098121437,-0.376985393526946,0.0963015217867057,-3.91463589082129,9.05407342637384e-05,0.000265305407377466,"Stable"
"hsa-miR-1262",0.615076162681009,-0.35975001690934,0.217401274516974,-1.65477418524173,0.0979703122877593,0.153918445738874,"Stable"
"hsa-miR-1266-5p",14.5958541039202,0.0827660248820686,0.110094718447969,0.751771075387093,0.45218873924396,0.545552142735496,"Stable"
"hsa-miR-127-3p",187.454603586262,-0.150933295214162,0.224086641516685,-0.67354883000879,0.500598194495626,0.59170143064211,"Stable"
"hsa-miR-127-5p",66.9175622645405,0.362948164416914,0.220640016567331,1.64497886676942,0.0999741692830884,0.156675936936183,"Stable"
"hsa-miR-1270",4.29465847404441,-0.488902932720243,0.135729916275235,-3.60202780740568,0.000315744579587082,0.000842877479406194,"Stable"
"hsa-miR-1271-5p",3.01767094382043,-0.191574219633405,0.102659184954234,-1.86611864996599,0.0620247672396295,0.104201608962578,"Stable"
"hsa-miR-1275",1.18176136976679,-1.23381823266385,0.264909596254192,-4.65750674988742,3.20061933136742e-06,1.20741926871945e-05,"Down"
"hsa-miR-1277-3p",1.59121342248285,0.812240073112736,0.183006775025497,4.43830602992471,9.06696426760736e-06,3.17343749366258e-05,"Stable"
"hsa-miR-128-1-5p",5.81558031772969,-0.523594960823203,0.0739479489458111,-7.08058801207444,1.43544063698125e-12,1.1593943606387e-11,"Stable"
"hsa-miR-128-3p",149.096742961173,-0.00373346077144649,0.0707304777613973,-0.0527843284763462,0.957903748156694,0.965566978141948,"Stable"
"hsa-miR-1287-3p",9.97800127007195,0.093695456758678,0.115861281676963,0.808686520661092,0.418695483465369,0.513460101626371,"Stable"
"hsa-miR-1287-5p",31.3130070120426,-0.350707858652387,0.088305871217417,-3.97151235605742,7.141779574964e-05,0.000213237968352006,"Stable"
"hsa-miR-129-5p",5.44007563941994,-0.127892030346108,0.290648346227995,-0.440023251485441,0.659920267059441,0.726835259173859,"Stable"
"hsa-miR-1291",0.634773189127415,-1.27793454710038,0.181872799197082,-7.02652927068868,2.11734178893262e-12,1.68851307218677e-11,"Down"
"hsa-miR-1292-5p",0.519002248482257,0.506224882206135,0.280760456399433,1.80304907855662,0.0713805072679017,0.116038795945943,"Stable"
"hsa-miR-1296-5p",6.35035234547829,0.00919391602808437,0.0862754572315162,0.106564674625982,0.915134344519057,0.938981493561899,"Stable"
"hsa-miR-1301-3p",10.3770543141264,0.378026090578419,0.0841808360853949,4.49064309832871,7.10084496576723e-06,2.49918007175048e-05,"Stable"
"hsa-miR-1306-3p",1.15189724866991,0.0355374450607718,0.174600161714512,0.203536152039074,0.838715991761119,0.877726037889543,"Stable"
"hsa-miR-1306-5p",10.1153208359952,0.0638676812594739,0.0964443437827417,0.66222319271877,0.507828192552311,0.596507482378869,"Stable"
"hsa-miR-1307-3p",752.283131075931,0.741267981997184,0.0863259000874519,8.58685494441699,8.9382368018093e-18,1.22414982285649e-16,"Stable"
"hsa-miR-1307-5p",302.854329267059,0.979670936403093,0.128440063059471,7.62745605278535,2.3943138863598e-14,2.43293185226883e-13,"Stable"
"hsa-miR-130a-3p",166.015590906976,-0.380076576976384,0.0899996019390922,-4.22309175582357,2.40973657652617e-05,7.9069481417265e-05,"Stable"
"hsa-miR-130a-5p",2.00005480161431,-0.291304327224881,0.126727476453838,-2.29866746641161,0.0215238292849413,0.0396491592091024,"Stable"
"hsa-miR-130b-3p",8.79486875416582,-0.490294576919436,0.123562648758573,-3.96798370579942,7.24832884306489e-05,0.000215398451468438,"Stable"
"hsa-miR-130b-5p",12.9973978441924,-0.188334817467647,0.160609483555943,-1.17262575844126,0.240945915203326,0.322970056549139,"Stable"
"hsa-miR-132-3p",117.334282509651,0.640846345146485,0.10466954788228,6.12256724245366,9.20795365608517e-10,5.37130629938301e-09,"Stable"
"hsa-miR-132-5p",3.16721476802453,0.77967665454001,0.156096812729197,4.99482751062075,5.88883764586426e-07,2.38941393055693e-06,"Stable"
"hsa-miR-133a-3p",25.7617882684262,-0.700370206080759,0.173776122988664,-4.03030171254566,5.57053040084247e-05,0.000170360881190813,"Stable"
"hsa-miR-133b",3.19287333420287,-0.744284555651131,0.227459285465342,-3.27216606755998,0.00106726866754952,0.00251827438410561,"Stable"
"hsa-miR-1343-3p",0.793117277013672,-0.170589437753679,0.204704408424721,-0.833345207689614,0.404650066916314,0.499410352372365,"Stable"
"hsa-miR-135a-5p",682.966950273553,0.230840556283069,0.124046262087364,1.86092311367264,0.062755035189057,0.105148064279537,"Stable"
"hsa-miR-135b-3p",2.69423144442098,1.20062100932375,0.17582459408203,6.82851574657191,8.57976540549183e-12,6.00583578384428e-11,"Up"
"hsa-miR-135b-5p",234.272833084496,0.50490864186868,0.0990275205863666,5.09866993416568,3.42048380134466e-07,1.45601675327509e-06,"Stable"
"hsa-miR-136-5p",9.35681870837586,-0.167327523025649,0.218174577928129,-0.766943264493311,0.443115248848771,0.536155686201012,"Stable"
"hsa-miR-138-1-3p",6.32209330700486,-1.18299275506459,0.162119477567853,-7.29704272930106,2.94161398256462e-13,2.50434703921042e-12,"Down"
"hsa-miR-138-5p",55.8923561511053,-1.12878273960329,0.147626818963844,-7.6461902215731,2.07021350368089e-14,2.17372417886493e-13,"Down"
"hsa-miR-139-3p",36.4862812673178,-0.760625261461762,0.131898586296222,-5.76674309270858,8.08181054706609e-09,4.27860558374087e-08,"Stable"
"hsa-miR-139-5p",140.751911658537,-0.438865682043302,0.131430258859625,-3.33915253497322,0.000840344068996823,0.00203621832103076,"Stable"
"hsa-miR-140-3p",1283.1692841909,-0.198370279700823,0.0800525954165427,-2.4779993536578,0.0132121384600635,0.0253644033518032,"Stable"
"hsa-miR-140-5p",45.7251272385528,-0.333466397370099,0.0735692933985215,-4.53268452047958,5.82387633935715e-06,2.13316400802035e-05,"Stable"
"hsa-miR-141-3p",1175.63309565843,0.636562396600189,0.0841877457366652,7.56122391721145,3.9929417957951e-14,3.81144444144078e-13,"Stable"
"hsa-miR-141-5p",726.418101003653,0.477556257840844,0.0791088535575269,6.03669799731798,1.57299715189675e-09,8.7698071300438e-09,"Stable"
"hsa-miR-142-3p",1763.30074590826,-0.845072085852533,0.194648750911638,-4.34152329205627,1.41498274989052e-05,4.76705418412313e-05,"Stable"
"hsa-miR-142-5p",53.8579592808292,-0.847097157992281,0.192654041403277,-4.39698618218486,1.09764329767301e-05,3.79953449194502e-05,"Stable"
"hsa-miR-143-3p",86507.601525953,-0.198143293313452,0.140759748246834,-1.40767013142131,0.15922877015271,0.231672344563988,"Stable"
"hsa-miR-143-5p",62.8185530456159,-0.0206309258500969,0.122606500023495,-0.168269429811172,0.866371322397861,0.902171790265541,"Stable"
"hsa-miR-144-3p",20.9976577756529,-1.90810614315569,0.183727490612896,-10.3855233465087,2.88582217868168e-25,6.99256912526715e-24,"Down"
"hsa-miR-144-5p",281.04495273328,-2.15645308774565,0.176594303275762,-12.2113400474659,2.70398504646727e-34,1.21679327091027e-32,"Down"
"hsa-miR-145-3p",40.0718162309292,-0.186485295122485,0.105002813508321,-1.77600284117822,0.0757324488537387,0.121095032431105,"Stable"
"hsa-miR-145-5p",1743.90639182174,-0.347770411735454,0.11405344245332,-3.04918820734229,0.00229460679900291,0.00507059185714196,"Stable"
"hsa-miR-1468-5p",15.2368280331905,0.144448015561673,0.0978751279015979,1.47583986512793,0.139986886002067,0.206055463040426,"Stable"
"hsa-miR-146a-5p",122.062866455706,0.0547811640500367,0.165973681691534,0.330059341286703,0.741355124201217,0.795662228699773,"Stable"
"hsa-miR-146b-3p",4721.45548716247,5.93863376493456,0.231836809863254,25.6155774764041,1.02310118472715e-144,6.44553746378106e-142,"Up"
"hsa-miR-146b-5p",22040.7712134976,5.69401580218879,0.232233149017636,24.5185315975558,9.37216708428438e-133,2.95223263154958e-130,"Up"
"hsa-miR-148a-3p",46367.1080488413,-0.0669341214567162,0.142250096125407,-0.470538321448356,0.637970462125201,0.711042394932425,"Stable"
"hsa-miR-148a-5p",55.0571345672323,-0.155121001754461,0.146284790724586,-1.06040416769308,0.288960766960968,0.379261006636271,"Stable"
"hsa-miR-148b-3p",310.138153959082,-0.214009042535087,0.0648063168776064,-3.30228676533594,0.000958999720898907,0.0022972236660316,"Stable"
"hsa-miR-148b-5p",2.52224074034839,-0.114602663010956,0.114055021978455,-1.00480155124256,0.314992416785028,0.410010790443321,"Stable"
"hsa-miR-149-5p",23.4657489407216,0.665088816337382,0.136593334808384,4.86911617810915,1.12098490862208e-06,4.33264105786447e-06,"Stable"
"hsa-miR-150-3p",2.90420017229536,-1.22198397497677,0.232270578691283,-5.26103642511237,1.43245650333803e-07,6.44605426502115e-07,"Down"
"hsa-miR-150-5p",643.078389244182,-1.26109612287391,0.220046517468047,-5.73104331477107,9.98147713896922e-09,5.1543693422546e-08,"Down"
"hsa-miR-151a-3p",2843.30584910405,0.225684811395335,0.073368303721257,3.07605328116571,0.00209760358196887,0.00468613566184536,"Stable"
"hsa-miR-151a-5p",116.221492312099,0.449927911836833,0.0535230817675305,8.40624076526511,4.23361603561641e-17,5.33435620487667e-16,"Stable"
"hsa-miR-151b",6.02303643837693,-0.0357246372118175,0.080418847340845,-0.444232146979218,0.656874752528514,0.724918482756751,"Stable"
"hsa-miR-152-3p",418.751338333101,-0.686657118414466,0.119137380301569,-5.76357409132511,8.23510762050319e-09,4.32343150076417e-08,"Stable"
"hsa-miR-152-5p",0.681443703702385,-0.535948432823416,0.199015543333138,-2.69299786261556,0.0070812722976842,0.0142076482405766,"Stable"
"hsa-miR-153-3p",1.67364768407843,-0.908101748851023,0.122024251883026,-7.44197759738401,9.91890469894939e-14,9.18957347108546e-13,"Stable"
"hsa-miR-153-5p",11.956938884209,-0.875342406784407,0.12088076204456,-7.24137068611242,4.44172549296835e-13,3.68195665864482e-12,"Stable"
"hsa-miR-155-5p",275.297319879278,-0.141772216745584,0.176976715374713,-0.801078359067795,0.423086283680932,0.517561861590266,"Stable"
"hsa-miR-15a-5p",215.100940074096,0.699945309887405,0.0695486812042099,10.0641061450499,7.96071614414703e-24,1.67175039027088e-22,"Stable"
"hsa-miR-15b-3p",24.2035086575228,-0.553288764592134,0.0851449063425575,-6.49820157610047,8.1285844216119e-11,5.27938988207783e-10,"Stable"
"hsa-miR-15b-5p",220.37469810435,-0.00668049229508863,0.0829468923731165,-0.0805393921816632,0.935808267546108,0.951917301229764,"Stable"
"hsa-miR-16-1-3p",5.1808196621239,0.836464190343585,0.10777043613903,7.7615366543056,8.39064610112676e-15,9.11397766156872e-14,"Stable"
"hsa-miR-16-2-3p",7.41804613484522,-0.675133299885942,0.088961779287104,-7.58902649313142,3.22317861856417e-14,3.17281645264911e-13,"Stable"
"hsa-miR-16-5p",661.194688439872,-0.202983101199799,0.0587815516017335,-3.45317698612455,0.00055402537706866,0.00139058162371815,"Stable"
"hsa-miR-17-3p",316.723786105106,0.0156307991301605,0.0666130872755117,0.234650573475322,0.814479953273621,0.862390538760305,"Stable"
"hsa-miR-17-5p",294.310614474965,-0.00454117740229854,0.0792608963612154,-0.0572940454975811,0.954310963568012,0.963487030525397,"Stable"
"hsa-miR-181a-2-3p",4982.19826934128,1.57945915543726,0.103215733768318,15.3025037731415,7.35709716961149e-53,4.63497121685524e-51,"Up"
"hsa-miR-181a-3p",297.498969413104,1.0191360533728,0.100290470929799,10.1618433329141,2.93474632691094e-24,6.60317923554961e-23,"Up"
"hsa-miR-181a-5p",5403.68144521372,1.38718969015533,0.0886047700641133,15.6559256251281,3.02677185532532e-55,2.11874029872773e-53,"Up"
"hsa-miR-181b-2-3p",16.7792241355118,1.97178274537042,0.134735674234792,14.6344519116323,1.69334744270925e-48,9.69826262642572e-47,"Up"
"hsa-miR-181b-3p",25.4100344737036,0.978471727760458,0.117880630015178,8.30053018578603,1.03647799114389e-16,1.25573295080894e-15,"Stable"
"hsa-miR-181b-5p",1166.56126675242,1.53572709477355,0.0919806732818333,16.6961932325501,1.39698141718911e-62,1.2572832754702e-60,"Up"
"hsa-miR-181c-3p",128.871635298838,0.837934852827445,0.0899899257397407,9.31142953991128,1.26123226570858e-20,2.27021807827544e-19,"Stable"
"hsa-miR-181c-5p",210.188031101022,0.452377634406053,0.103688828349854,4.36283871276564,1.28385595136988e-05,4.41983196373237e-05,"Stable"
"hsa-miR-181d-5p",62.7014723409931,1.05875368669746,0.10397673066265,10.1826022029156,2.37133737950164e-24,5.53312055217049e-23,"Up"
"hsa-miR-182-5p",13465.4124792356,1.09064352300467,0.134230623403833,8.12514682080755,4.46821212840614e-16,5.21291414980716e-15,"Up"
"hsa-miR-183-5p",4689.83719349318,1.29541623271758,0.144552505861494,8.96156192517901,3.20111348422241e-19,4.80167022633361e-18,"Up"
"hsa-miR-184",1.99940279345098,1.82829084969863,0.375057029933305,4.87470092221375,1.08973423587888e-06,4.26417744474344e-06,"Up"
"hsa-miR-185-3p",8.59318366697235,0.221340248568325,0.137346607501577,1.61154507267887,0.107060971522696,0.166951514998263,"Stable"
"hsa-miR-185-5p",102.272409317933,-0.0517103379232421,0.0762024414498418,-0.678591616480937,0.497396656239101,0.589022356072619,"Stable"
"hsa-miR-186-5p",295.656027853806,-0.210588318877568,0.0531596474780329,-3.96143181657833,7.45016576654228e-05,0.000220357015630124,"Stable"
"hsa-miR-187-3p",9.44178596040942,3.03569102987097,0.288810855251405,10.5110004512415,7.68736713374269e-26,2.01793387260746e-24,"Up"
"hsa-miR-188-3p",1.31635907735707,0.279957958038451,0.182880487404378,1.53082464953967,0.125812735813796,0.189622065939453,"Stable"
"hsa-miR-188-5p",1.72691123774988,0.604988152696306,0.177944383993004,3.39987213488059,0.000674173715561992,0.00167840920893706,"Stable"
"hsa-miR-18a-3p",0.54285975375968,-0.401386615510297,0.223877755067207,-1.7928829748619,0.0729916381831746,0.11774270148602,"Stable"
"hsa-miR-18a-5p",4.89581945436104,-0.968811355897611,0.104327883547789,-9.2862169053188,1.59869724650805e-20,2.72210612243262e-19,"Stable"
"hsa-miR-190a-5p",8.58534179736699,-0.800047516611136,0.126904396018706,-6.30433256617214,2.89438419448794e-10,1.77035149759942e-09,"Stable"
"hsa-miR-191-3p",1.61251243343417,0.0696509557293848,0.14839434675393,0.469363943121643,0.638809516717068,0.711042394932425,"Stable"
"hsa-miR-191-5p",637.303038334406,0.133164837908849,0.0693539154493253,1.920076711547,0.0548482104461641,0.0933901961650902,"Stable"
"hsa-miR-192-3p",3.00672352883682,-0.320975940033833,0.099663100356792,-3.22060962266622,0.00127918260452259,0.00299585517044324,"Stable"
"hsa-miR-192-5p",732.847504545441,-0.079237073864732,0.0753951187906031,-1.05095761019754,0.293278059126751,0.382536598860979,"Stable"
"hsa-miR-193a-3p",8.63879209020663,-0.634219753106304,0.100721307672686,-6.29677838543683,3.03895264256209e-10,1.84090400462896e-09,"Stable"
"hsa-miR-193a-5p",273.176592146496,-0.497500509550193,0.112621378341892,-4.41746067109833,9.98672346036887e-06,3.47604186742121e-05,"Stable"
"hsa-miR-193b-3p",24.6688995136166,-0.890227611319995,0.136958486640457,-6.49998136776306,8.03299602418788e-11,5.27938988207783e-10,"Stable"
"hsa-miR-193b-5p",2.74117183133334,-0.586370673929108,0.164151937317018,-3.57212155709549,0.000354100972652507,0.000937326104080167,"Stable"
"hsa-miR-194-5p",331.541779570335,0.00541943420879026,0.0717956034393218,0.0754842072379892,0.939829462483989,0.951917301229764,"Stable"
"hsa-miR-195-3p",3.3469961509735,-0.456054368652214,0.112109927986725,-4.06792134150879,4.74343868036012e-05,0.00014648854748171,"Stable"
"hsa-miR-195-5p",35.2727487251736,-0.952435379358271,0.127390714023731,-7.47648984195855,7.63340404027255e-14,7.17767842592792e-13,"Stable"
"hsa-miR-196b-5p",10.9566956536046,-0.584642893906412,0.149727339307587,-3.90471704506397,9.43356947691838e-05,0.000274466911088679,"Stable"
"hsa-miR-197-3p",273.119319089218,-0.00939095976246536,0.0811516303542448,-0.115721147208895,0.907873545800373,0.933051115586027,"Stable"
"hsa-miR-1976",17.7456102459616,-0.298638116450261,0.0868996381951737,-3.4365864191463,0.000589094387973493,0.00147273596993373,"Stable"
"hsa-miR-199a-3p",1385.45721140939,-0.7329434408143,0.161883197200014,-4.52760665400445,5.96554937638845e-06,2.17242549544782e-05,"Stable"
"hsa-miR-199a-5p",537.391343800208,-0.349968431494368,0.165173909966383,-2.11878759524186,0.0341084215600228,0.0599582468575171,"Stable"
"hsa-miR-199b-3p",1381.92017997019,-0.732232431473733,0.161968101949745,-4.52084344175946,6.15937291089174e-06,2.23011777808149e-05,"Stable"
"hsa-miR-199b-5p",86.4860669466131,-1.25615414477112,0.24670462042304,-5.09173335552902,3.54804842659801e-07,1.50018154950117e-06,"Down"
"hsa-miR-19a-3p",22.1915576644543,-0.108503052886742,0.122363433971746,-0.886727753258341,0.375225492549861,0.471840439733358,"Stable"
"hsa-miR-19b-1-5p",7.31725595171634,-0.0704011111647908,0.0821027599106197,-0.8574755737984,0.391182108504859,0.487044917703678,"Stable"
"hsa-miR-19b-3p",138.820786541139,-0.16060063141969,0.0863679022799502,-1.85949440915126,0.0629570909941613,0.105206809884142,"Stable"
"hsa-miR-200a-3p",379.567102413956,0.718812949361126,0.16741408211724,4.29362297526288,1.75780878489753e-05,5.89052943875235e-05,"Stable"
"hsa-miR-200a-5p",485.440922415022,0.871228893720225,0.166223829097619,5.24129962863852,1.59449557608917e-07,7.12434193571758e-07,"Stable"
"hsa-miR-200b-3p",953.343522029214,0.839516051009234,0.165549902381672,5.07107548196401,3.95573826679978e-07,1.66141007205591e-06,"Stable"
"hsa-miR-200c-3p",14407.2965922417,0.475631080104357,0.0849770031918374,5.59717408521232,2.17873907583907e-08,1.07234813888954e-07,"Stable"
"hsa-miR-200c-5p",29.3916766148363,-0.0643817552938208,0.0878046511493664,-0.733238552298324,0.46341294551683,0.557156785640464,"Stable"
"hsa-miR-203a-3p",4022.63120813895,0.766852224145434,0.141371383142879,5.42438085486086,5.81557655558191e-08,2.73418897762433e-07,"Stable"
"hsa-miR-203b-3p",39.3065429373382,0.0712734205515831,0.160235880790854,0.444803125241418,0.656462035659255,0.724918482756751,"Stable"
"hsa-miR-204-5p",58.1206622827166,-1.09628670435147,0.269118878231008,-4.07361501934633,4.62889745975494e-05,0.000143655438406188,"Down"
"hsa-miR-205-5p",147.471069645863,1.82246602220345,0.316837791833243,5.7520474803796,8.81690270970919e-09,4.59061876621222e-08,"Up"
"hsa-miR-20a-3p",8.28249631675022,-0.0840926656864553,0.107959296975091,-0.778929356180017,0.436021329984165,0.530296212142904,"Stable"
"hsa-miR-20a-5p",249.940601349492,0.114714665547393,0.102239602579639,1.1220179133427,0.261854823513559,0.34823510968899,"Stable"
"hsa-miR-20b-5p",12.2107393985662,-1.05051288176884,0.154858908650211,-6.78367741917707,1.17154761587006e-11,8.02255432606673e-11,"Down"
"hsa-miR-21-3p",1353.09683173182,0.488177954473412,0.148613731854282,3.28487783990297,0.00102026597062207,0.0024164194041049,"Stable"
"hsa-miR-21-5p",190608.933989317,1.92700479889111,0.136146073000613,14.1539506532989,1.76553481334155e-45,9.26905777004311e-44,"Up"
"hsa-miR-210-3p",107.651092127122,0.0972973125819168,0.177559053711089,0.547971565224895,0.583711427475719,0.664987702187528,"Stable"
"hsa-miR-2110",1.76335893902311,0.0370505506600618,0.16229659371522,0.228289145273585,0.819421462598096,0.866166982276511,"Stable"
"hsa-miR-2114-5p",0.55881954007879,0.184330849086089,0.317011999874934,0.58146331734701,0.560928234270435,0.647224885696656,"Stable"
"hsa-miR-212-3p",6.2119257958411,0.644721402059474,0.155836419595598,4.13716770272671,3.516191263458e-05,0.000111316607838118,"Stable"
"hsa-miR-212-5p",0.314017207958112,0.791398422962642,0.332551433093083,2.37977751471943,0.0173230936158283,0.032675296341233,"Stable"
"hsa-miR-214-3p",3.54579223840819,-1.32281768421292,0.161895282624645,-8.17082290952161,3.06292962672937e-16,3.64084087705567e-15,"Down"
"hsa-miR-214-5p",12.7018028233785,-0.49884337536099,0.164672724798365,-3.02930176185403,0.00245119712071261,0.00537560534973012,"Stable"
"hsa-miR-215-5p",3.40184625780661,-0.750343831379711,0.108703209236803,-6.90268333978192,5.10292974465907e-12,3.69522498751174e-11,"Stable"
"hsa-miR-217-5p",50.6224739236963,0.912679460057034,0.228889746393898,3.98741959583631,6.67958306875411e-05,0.000201346283890674,"Stable"
"hsa-miR-218-5p",143.158716888241,-0.571587156662845,0.100557904517131,-5.6841593846605,1.31457637778405e-08,6.63961617633959e-08,"Stable"
"hsa-miR-219a-1-3p",3.19618289854147,0.04476026851963,0.146320701008468,0.3059052356306,0.75967679948228,0.812557527459824,"Stable"
"hsa-miR-219a-5p",1.4700640827392,-0.270587568453526,0.143479341287696,-1.88589915471497,0.0593085454607667,0.0999047690916659,"Stable"
"hsa-miR-22-3p",102127.300618051,0.269708542511023,0.0761815228245754,3.54034065625186,0.000399610862661287,0.00103834957502886,"Stable"
"hsa-miR-22-5p",27.0244048105392,0.154840097326057,0.0858273236318066,1.80408861390471,0.0712174163915862,0.116038795945943,"Stable"
"hsa-miR-221-3p",1746.07317069251,3.36117893848944,0.156509857506227,21.4758290119567,2.6200348302924e-102,5.50207314361404e-100,"Up"
"hsa-miR-221-5p",26.397460223873,2.41328208693436,0.207739296534158,11.6168781121176,3.38272432188044e-31,1.18395351265816e-29,"Up"
"hsa-miR-222-3p",425.188621722648,3.20160621073463,0.151125029122025,21.185148676792,1.30911899486893e-99,2.06186241691857e-97,"Up"
"hsa-miR-222-5p",35.7345711449258,1.6174403310547,0.138985373105,11.6374859808647,2.65733268147841e-31,9.8477622901847e-30,"Up"
"hsa-miR-223-3p",128.636933296089,-0.616145869780205,0.141400992520044,-4.35743666857829,1.31594558718606e-05,4.48132821582281e-05,"Stable"
"hsa-miR-223-5p",1.76043451651742,-0.715479786839264,0.170073070904738,-4.20689638302599,2.58901775548703e-05,8.45119785469859e-05,"Stable"
"hsa-miR-224-3p",3.4370667714049,0.541575980681215,0.145388837089662,3.72501762530244,0.000195301575879185,0.000544424746919853,"Stable"
"hsa-miR-224-5p",17.6906372783466,1.01596969836656,0.119837680605829,8.4778818584473,2.29330659429947e-17,2.9485370498136e-16,"Up"
"hsa-miR-2277-5p",0.604863814338181,0.24125574659987,0.251211827237436,0.960367787030361,0.336870144561843,0.431358111938945,"Stable"
"hsa-miR-2355-3p",2.79638760444723,0.384119639346423,0.139418507666024,2.75515529305893,0.00586642841214365,0.0118837617352106,"Stable"
"hsa-miR-2355-5p",36.0026070720207,0.233585274603404,0.0779222484839213,2.99767112921032,0.00272051072759322,0.00586959506295798,"Stable"
"hsa-miR-23a-3p",3519.62452109421,0.316340427777188,0.067059593748455,4.71730307469207,2.38991539840435e-06,9.12513152118024e-06,"Stable"
"hsa-miR-23a-5p",3.84548253068841,-0.283002780717994,0.169550159405066,-1.66913898347853,0.0950898390479772,0.149766496500564,"Stable"
"hsa-miR-23b-3p",2394.278684993,0.703215506998424,0.0716809269983613,9.8103573216136,1.01608118955671e-22,1.939791361881e-21,"Stable"
"hsa-miR-23b-5p",1.95365228612125,0.165028551162916,0.137395439627985,1.20112102417483,0.229704258718365,0.311882937483987,"Stable"
"hsa-miR-24-1-5p",23.3980572764788,0.379151402292911,0.0703919309544208,5.38629068917592,7.19266019707629e-08,3.33189406188093e-07,"Stable"
"hsa-miR-24-2-5p",20.000345770427,-0.0449234094529534,0.0831485883115104,-0.54027867899153,0.589004859828148,0.667560485594356,"Stable"
"hsa-miR-24-3p",2181.97050958898,0.0435446456840806,0.0741596420315083,0.587174431958285,0.557086562277388,0.64397162244909,"Stable"
"hsa-miR-25-3p",6494.61425679094,-0.36571245487702,0.0564078520112154,-6.48336077048823,8.97016561494238e-11,5.76653503817724e-10,"Stable"
"hsa-miR-26a-1-3p",0.763259939061122,-0.309938461157246,0.194046220617517,-1.59724039030971,0.110212132569908,0.17059863272492,"Stable"
"hsa-miR-26a-2-3p",4.20085546354121,0.123766991591867,0.0963798849410216,1.28415790979211,0.199086709019293,0.276875555589745,"Stable"
"hsa-miR-26a-5p",3661.6945267127,-0.459627083619905,0.0657005573960921,-6.99578666964618,2.63774641344733e-12,2.05158054379237e-11,"Stable"
"hsa-miR-26b-3p",54.3975131805383,-0.400227089080628,0.0661110774488538,-6.05385821143605,1.41417096131512e-09,7.95471165739757e-09,"Stable"
"hsa-miR-26b-5p",1342.21155700303,-0.326613403733544,0.0724326049376876,-4.50920416315999,6.50712649007911e-06,2.34256553642848e-05,"Stable"
"hsa-miR-27a-3p",1510.59830344243,0.358794187320555,0.0919873564145759,3.90047286176497,9.60049880162688e-05,0.000277445607569951,"Stable"
"hsa-miR-27a-5p",18.6900139967045,-1.13214503740205,0.186847370111925,-6.05919706937205,1.36802704667954e-09,7.76447783250547e-09,"Down"
"hsa-miR-27b-3p",2934.42610304395,0.611304656082356,0.0732482488253769,8.34565557382403,7.08199247636794e-17,8.74834364727805e-16,"Stable"
"hsa-miR-27b-5p",27.4132376073744,0.680988447958835,0.0787865574490172,8.64345987447799,5.45358794944064e-18,7.6350231292169e-17,"Stable"
"hsa-miR-28-3p",1500.39982281004,-0.562402781662284,0.0731025360399251,-7.69334160110569,1.43341135995186e-14,1.53059179113504e-13,"Stable"
"hsa-miR-28-5p",59.5403573285079,-0.671215170970436,0.0610713354206887,-10.9906745340802,4.23747248245347e-28,1.33480383197284e-26,"Stable"
"hsa-miR-296-5p",9.77570907999338,-0.0718751358072379,0.0904072751691677,-0.795014955076867,0.42660480286489,0.520854701172249,"Stable"
"hsa-miR-29a-3p",21599.9954377273,0.295610244436192,0.0831955033453866,3.55319978303352,0.000380575317574811,0.00099901020863388,"Stable"
"hsa-miR-29a-5p",17.4866305539991,0.5735911822266,0.090286403840753,6.35301837072057,2.11130490806009e-10,1.31695256641372e-09,"Stable"
"hsa-miR-29b-1-5p",7.45144326878846,0.419842713941742,0.107153350837739,3.9181482488355,8.92318232751718e-05,0.000262691816183917,"Stable"
"hsa-miR-29b-2-5p",82.4016286719554,0.18015375964229,0.109657805157685,1.64287220032567,0.100409377891155,0.156967513824883,"Stable"
"hsa-miR-29b-3p",1694.10378604774,0.614104532720345,0.0867225189910585,7.08125801539116,1.42851643572809e-12,1.1593943606387e-11,"Stable"
"hsa-miR-29c-3p",5777.16093211926,-0.323120433638887,0.0950675065946013,-3.39885251242338,0.000676691966777799,0.00167840920893706,"Stable"
"hsa-miR-29c-5p",62.269786463238,0.0935017792591516,0.0783507760785136,1.19337400264492,0.232722931859915,0.314625422900743,"Stable"
"hsa-miR-301a-3p",10.0991363878209,0.141107863971,0.100830145093008,1.3994610822075,0.161674760945543,0.234689169114497,"Stable"
"hsa-miR-301a-5p",3.78777782175199,0.294638693549836,0.1215697089518,2.42361930525519,0.015366704853014,0.0291597110162616,"Stable"
"hsa-miR-301b-3p",0.785065964778077,0.121855139728062,0.300248221568961,0.405847998337184,0.684854288825635,0.75166934139399,"Stable"
"hsa-miR-3065-3p",168.783134516322,1.48628382407289,0.166911880307102,8.904601765544,5.35780400609922e-19,7.84980586940119e-18,"Up"
"hsa-miR-3065-5p",8.69146669118274,1.76079059648344,0.190884293783258,9.22438699164401,2.85187457675575e-20,4.72810785093717e-19,"Up"
"hsa-miR-3074-5p",5.29244859797114,-0.95174301085412,0.13747216383903,-6.92316891126079,4.41650627101438e-12,3.23534761713844e-11,"Stable"
"hsa-miR-30a-3p",19697.4453808236,-0.4259310773428,0.103790179150201,-4.10377051885045,4.06470661383989e-05,0.000128038258335957,"Stable"
"hsa-miR-30a-5p",71147.9373808266,-0.369785171946401,0.0822855035227014,-4.49392853073303,6.99211035113359e-06,2.48871724362382e-05,"Stable"
"hsa-miR-30b-3p",8.78508820078056,0.61619630595581,0.116891246534303,5.2715350740569,1.35287427148243e-07,6.13173230959663e-07,"Stable"
"hsa-miR-30b-5p",744.461186842413,-0.108372668221999,0.0693016043798991,-1.56378296277124,0.11786854667932,0.179224441232988,"Stable"
"hsa-miR-30c-1-3p",2.180272918767,0.0534757798788007,0.153261085285756,0.348919491070385,0.727149751933979,0.789835075376563,"Stable"
"hsa-miR-30c-2-3p",178.414805082057,-0.368773384242088,0.109005328460799,-3.38307667569397,0.00071678617143392,0.00177088348236615,"Stable"
"hsa-miR-30c-5p",1368.12229005098,-0.273298959780419,0.0896580595577902,-3.0482363897722,0.00230188773197238,0.00507059185714196,"Stable"
"hsa-miR-30d-3p",11.2162316632475,0.312297356696689,0.0822862525394113,3.79525555070226,0.000147491455176639,0.00041855683225803,"Stable"
"hsa-miR-30d-5p",15601.8673999752,0.33355398769502,0.0683143433147026,4.88263476614921,1.04677650234165e-06,4.12168247797025e-06,"Stable"
"hsa-miR-30e-3p",10114.552684762,-0.23739999436195,0.0941717384641207,-2.52092611046359,0.0117046427274366,0.0226889997485694,"Stable"
"hsa-miR-30e-5p",12284.0282687025,-0.0656708961547985,0.0669380543093211,-0.981069689467414,0.326558376394314,0.422447180961844,"Stable"
"hsa-miR-31-3p",34.7088641565017,2.58481550982692,0.219375689311055,11.7825977798382,4.7990835564227e-32,1.88963915034144e-30,"Up"
"hsa-miR-3117-3p",0.929499284218554,-0.231304310464548,0.269544358679412,-0.858130778910695,0.390820253412945,0.487044917703678,"Stable"
"hsa-miR-3127-5p",3.95911355975895,-0.23304569566506,0.0991379732660418,-2.3507207983733,0.0187370873416731,0.035132038765637,"Stable"
"hsa-miR-3130-5p",4.91131151673729,-0.811200253159156,0.172529138152626,-4.70181594741137,2.57857883118653e-06,9.78617267257537e-06,"Stable"
"hsa-miR-3136-5p",0.251627821695536,-0.649874312220634,0.298282241817124,-2.17872277029173,0.0293522691543394,0.0525338908160051,"Stable"
"hsa-miR-3170",1.36463592294023,0.616420647232531,0.187165837962826,3.29344635720842,0.000989672242793803,0.00235280570928338,"Stable"
"hsa-miR-3173-5p",0.226833106737594,-0.293413303179084,0.351814428788157,-0.834000197745616,0.404280872415326,0.499410352372365,"Stable"
"hsa-miR-3193",0.832377860714086,-0.250259036053366,0.190519698645797,-1.31355989869915,0.188994351182053,0.265773306349761,"Stable"
"hsa-miR-3199",0.989363475157217,-0.571489994327444,0.162825955186827,-3.50982123010865,0.000448408060482845,0.0011483621061146,"Stable"
"hsa-miR-32-3p",1.4387713273496,0.11190865636019,0.158741077766312,0.704976039818338,0.480825147144531,0.573711823297452,"Stable"
"hsa-miR-32-5p",70.9432140961149,-0.103199353461377,0.0823788170456224,-1.25274138622583,0.210299839058074,0.28991006259647,"Stable"
"hsa-miR-3200-3p",4.74433739243192,0.573995130496962,0.125178767243898,4.58540328471675,4.53110984193864e-06,1.66935625755634e-05,"Stable"
"hsa-miR-320a-3p",523.724933741796,-0.0636551114101779,0.0804077481993284,-0.791653949223634,0.428562480687961,0.52223281012266,"Stable"
"hsa-miR-320b",4.21419476641474,-0.254814998171647,0.098885228648121,-2.57687626003673,0.00996976335111686,0.019506058730446,"Stable"
"hsa-miR-320c",0.816746674788836,-0.0164153656602834,0.203496998339852,-0.0806663773628186,0.935707276624271,0.951917301229764,"Stable"
"hsa-miR-324-3p",23.8857892778794,0.3292141670495,0.0827237520009006,3.97968127758416,6.90077229294962e-05,0.000207023168788489,"Stable"
"hsa-miR-324-5p",34.5653534061624,0.250434358708839,0.0819949573382049,3.05426536995283,0.00225612415928818,0.00500478246602659,"Stable"
"hsa-miR-326",5.65045081157628,-0.478024556304019,0.149685655585363,-3.19352281576114,0.00140548230628102,0.00325615116409873,"Stable"
"hsa-miR-328-3p",151.144482216337,0.229575163303572,0.0983296299152923,2.33475060875692,0.0195564527680657,0.0363438502769363,"Stable"
"hsa-miR-330-3p",4.11173998242654,-0.234003516126001,0.126015073012889,-1.85694862155154,0.0633184641366702,0.105530773561117,"Stable"
"hsa-miR-330-5p",20.2553864164083,0.147552189573991,0.0871174727163387,1.69371522122126,0.0903194106612267,0.14332803203167,"Stable"
"hsa-miR-331-3p",58.0404042854533,0.286151583473142,0.0988542304737066,2.8946822215085,0.00379542547357183,0.00786551989588898,"Stable"
"hsa-miR-331-5p",4.51674755626766,-0.249766712797368,0.082667293795466,-3.02134860511264,0.0025165144972397,0.00546691080434832,"Stable"
"hsa-miR-335-3p",66.1283512771427,0.635659035834813,0.0708567135708885,8.97104880822434,2.93704267705416e-19,4.51301679644908e-18,"Stable"
"hsa-miR-335-5p",15.2813216386068,-0.194319922601579,0.0980236638172279,-1.98237767325145,0.0474369865320087,0.0812100584651236,"Stable"
"hsa-miR-338-3p",591.805815213513,0.279761570445352,0.13452230598551,2.07966677641912,0.0375561074478992,0.0651800211905688,"Stable"
"hsa-miR-338-5p",7.81404383296777,0.12748421840418,0.130971967536446,0.973370262370873,0.33036931311922,0.425629176411265,"Stable"
"hsa-miR-339-3p",16.3206366622624,-0.428496683964775,0.079964831051395,-5.3585642379382,8.38859107743047e-08,3.85752728378189e-07,"Stable"
"hsa-miR-339-5p",34.4128686281834,0.0480102928500665,0.0986541772082636,0.486652407517571,0.626504677558637,0.702309513989219,"Stable"
"hsa-miR-33a-3p",1.71421097844385,-0.0296301902050849,0.14283347718145,-0.20744569683369,0.835661797774077,0.87744488766278,"Stable"
"hsa-miR-33a-5p",15.9119959980116,0.348064020212719,0.138248867910113,2.51766271561097,0.0118136388325327,0.0228300382346491,"Stable"
"hsa-miR-33b-5p",2.95142509176564,1.18463635285679,0.200928141441009,5.89582098535752,3.72822996308532e-09,2.00750844166133e-08,"Up"
"hsa-miR-340-3p",5.7599175614382,0.380856266253551,0.0916449143338511,4.15578179129655,3.24177114616918e-05,0.000103670853913025,"Stable"
"hsa-miR-340-5p",15.1918377820473,0.136978110142094,0.11855886388408,1.15535950374848,0.247943238107409,0.33164382167233,"Stable"
"hsa-miR-342-3p",103.327354157482,-0.691335834220063,0.116362771838525,-5.94121146563458,2.82923364040383e-09,1.54992799430818e-08,"Stable"
"hsa-miR-342-5p",7.08678750779442,-0.18619558192483,0.102251302169124,-1.82096049610068,0.0686128620528802,0.112567976805507,"Stable"
"hsa-miR-345-3p",2.10857056987476,-1.14430692565652,0.203595724175318,-5.6204860406162,1.90420978038933e-08,9.44608001295496e-08,"Down"
"hsa-miR-345-5p",83.687968735225,-0.464134912420582,0.167854530277081,-2.76510208961548,0.00569049834707058,0.0116019869212119,"Stable"
"hsa-miR-34a-3p",1.39536495338013,1.95200798406203,0.268152483728541,7.27947008701998,3.35133967216754e-13,2.81512532462074e-12,"Up"
"hsa-miR-34a-5p",465.958415749266,2.27881705985422,0.110165924946257,20.68531681612,4.69678805781128e-95,5.91795295284222e-93,"Up"
"hsa-miR-34b-3p",0.836062733053903,-0.563007059193482,0.204889627902538,-2.74785534512901,0.00599864679493798,0.0121126521820863,"Stable"
"hsa-miR-34b-5p",0.631332943852036,-0.0574366503563643,0.254233939385684,-0.225920467169533,0.821263278828778,0.866659741477605,"Stable"
"hsa-miR-34c-3p",2.54120134157015,-0.0435548712019789,0.172841138934672,-0.251993660018875,0.801045964281731,0.84959420454123,"Stable"
"hsa-miR-34c-5p",4.10326087199865,-0.114975801426721,0.171884666100693,-0.668912498334007,0.50355129701507,0.592966947886905,"Stable"
"hsa-miR-3605-3p",3.25267427262076,0.515300873841598,0.128213900198551,4.01907182484587,5.84278589606867e-05,0.000177823918576003,"Stable"
"hsa-miR-361-3p",251.644542687143,-0.154761847227433,0.080564640367843,-1.92096491116723,0.0547361313141582,0.0933901961650902,"Stable"
"hsa-miR-361-5p",309.516251105263,0.260849303927871,0.0517999167637628,5.03570893979411,4.76083503176039e-07,1.97324083553226e-06,"Stable"
"hsa-miR-3610",1.08609045551662,1.0689781869495,0.250975506919855,4.25929286912792,2.05074631942294e-05,6.79984305913922e-05,"Up"
"hsa-miR-3613-5p",12.7839738278204,0.797941050961466,0.105191846112143,7.58557892510789,3.3100575733172e-14,3.20820964798436e-13,"Stable"
"hsa-miR-3614-5p",0.853590752733528,-0.323596279514724,0.216199279434731,-1.49675003709906,0.134458311148257,0.198381114808904,"Stable"
"hsa-miR-3615",3.23047620460652,-0.308000432797801,0.119439927720189,-2.57870578689021,0.00991712111230637,0.0194635087250873,"Stable"
"hsa-miR-362-3p",2.31613506231541,-0.181475854092491,0.116421515495222,-1.55878278444106,0.119047800186304,0.179856388770675,"Stable"
"hsa-miR-362-5p",10.0551227880534,0.504732513205589,0.16338243485564,3.08927035915187,0.00200648756131831,0.0044985308314254,"Stable"
"hsa-miR-363-3p",6.16771510902657,-1.47939019916356,0.133208517852054,-11.1058228333913,1.17529796329441e-28,3.89704061513411e-27,"Down"
"hsa-miR-3651",1.03919756879987,-0.651089226656288,0.224189099584384,-2.90419662625578,0.00368196842756133,0.00765557791869188,"Stable"
"hsa-miR-365a-3p",27.9892155879312,-0.710172221707254,0.10185499646194,-6.97238472707251,3.11612968425266e-12,2.33709726318949e-11,"Stable"
"hsa-miR-365b-3p",28.0028490504566,-0.70989838549427,0.101773095245514,-6.97530505269332,3.05207830642167e-12,2.31663775065741e-11,"Stable"
"hsa-miR-3677-3p",2.72365690059536,0.0250098504655552,0.122855847354082,0.203570696911759,0.838688994085193,0.877726037889543,"Stable"
"hsa-miR-3677-5p",0.999083546656788,0.262245626772025,0.200253278934786,1.30956970176467,0.190341443726561,0.267071513469339,"Stable"
"hsa-miR-3690",0.551665546737985,0.746081202253732,0.343721840078194,2.17059585763885,0.0299617354973342,0.0534727857317863,"Stable"
"hsa-miR-374a-3p",1044.59338587911,0.026518617896978,0.100972082108454,0.262633168923807,0.792833332142583,0.842301853709658,"Stable"
"hsa-miR-374a-5p",44.674642133253,-0.374792993582934,0.0613494091634584,-6.10915408466838,1.00160592836817e-09,5.78909848506376e-09,"Stable"
"hsa-miR-374b-3p",2.02040703634043,0.0718052756196245,0.132955447753376,0.540070202710449,0.589148619032479,0.667560485594356,"Stable"
"hsa-miR-374b-5p",94.0233102798383,-0.435967333125175,0.0629433026726993,-6.92634981980806,4.31837851276583e-12,3.20068054475585e-11,"Stable"
"hsa-miR-375-3p",6644.92632452781,2.87201319133795,0.223327096774361,12.8601196756688,7.54597513004219e-38,3.65689563994352e-36,"Up"
"hsa-miR-378a-3p",220.562929373672,0.138337019024463,0.103772617015011,1.33307825323951,0.182506125091523,0.259545956676432,"Stable"
"hsa-miR-378a-5p",33.634900144317,-0.0352566693440191,0.104002485222586,-0.338998335170191,0.734610984329865,0.791053567754512,"Stable"
"hsa-miR-378c",3.80002010753433,0.0169891111030634,0.121186056037296,0.140190312801621,0.888509625585081,0.920659644931909,"Stable"
"hsa-miR-378d",0.354688932552133,0.160530918959254,0.291067645113723,0.551524436515548,0.581274219921421,0.663410794475535,"Stable"
"hsa-miR-379-5p",204.577576987036,-0.619551828809797,0.221545729200699,-2.79649637591769,0.00516599903449298,0.0106012358036827,"Stable"
"hsa-miR-3909",0.385376171124742,-0.111332999244741,0.281211770651971,-0.395904477919337,0.692175497510889,0.757169505909364,"Stable"
"hsa-miR-3912-3p",2.38842907169683,-0.630853793363804,0.112737359697489,-5.59578293350661,2.19628353096517e-08,1.07260358488996e-07,"Stable"
"hsa-miR-3913-5p",6.02899320783689,0.459354186674604,0.0884079478226012,5.19584718329104,2.03789617727748e-07,8.91579577558896e-07,"Stable"
"hsa-miR-3917",1.16383528492884,-0.42289459889613,0.205627635960975,-2.05660390404133,0.039724342397956,0.0685653033170199,"Stable"
"hsa-miR-3920",0.292354370912892,-0.153800514169021,0.304898323920884,-0.504432140495892,0.613957737078222,0.691938057887799,"Stable"
"hsa-miR-3926",1.07400692982941,-0.391018149494485,0.163806250022071,-2.38707710750841,0.0169829288829046,0.0321298654541439,"Stable"
"hsa-miR-3928-3p",0.963403588175606,0.0677071368259868,0.191230019294295,0.354061235133739,0.723292992607772,0.787303622515696,"Stable"
"hsa-miR-3934-3p",4.38948539375722,0.650525100229487,0.124334521782382,5.23205535280117,1.67635531980154e-07,7.43735106672514e-07,"Stable"
"hsa-miR-3934-5p",1.81635936472644,0.523876047407775,0.165378017170537,3.16774899331122,0.00153624094889169,0.00353223283869257,"Stable"
"hsa-miR-409-5p",3.1368502947666,-0.247581448576867,0.198213412851711,-1.24906506080943,0.211641278507315,0.291122282662901,"Stable"
"hsa-miR-421",2.23856952413306,-0.0421924668139338,0.12504685050074,-0.337413270665975,0.735805382070069,0.791053567754512,"Stable"
"hsa-miR-423-3p",131.357143828002,0.507305243500673,0.0629414992703978,8.05994851379819,7.63265895136392e-16,8.58674132028441e-15,"Stable"
"hsa-miR-423-5p",72.5115285220738,-0.0505854874229736,0.0883567090285768,-0.572514390578003,0.566973539427213,0.650643632898921,"Stable"
"hsa-miR-424-3p",13.8089193012047,1.0928558923268,0.143462655431707,7.61770294184352,2.58229725142086e-14,2.58229725142086e-13,"Up"
"hsa-miR-424-5p",448.5000572683,0.906976078296339,0.14168391081497,6.40140488132621,1.53953713376929e-10,9.79705448762275e-10,"Stable"
"hsa-miR-425-3p",8.37454525606614,0.143454079974478,0.0825713841863281,1.73733408235914,0.0823282189886613,0.131308298640143,"Stable"
"hsa-miR-425-5p",108.040074407408,-0.596810453230839,0.0961990801739265,-6.20391018450296,5.5077226664762e-10,3.27345781120756e-09,"Stable"
"hsa-miR-429",120.410910100794,0.744167927363841,0.159926189741785,4.65319613107376,3.26829103754728e-06,1.22560913908023e-05,"Stable"
"hsa-miR-4326",2.69867388046126,-0.018369811949334,0.149828433365329,-0.122605646583399,0.90241938285644,0.928961129411041,"Stable"
"hsa-miR-4443",0.618388890641922,1.0931217566965,0.342301054384346,3.19345132799127,0.00140583034386485,0.00325615116409873,"Up"
"hsa-miR-4444",1.39356952687438,0.256699233709235,0.168796683882072,1.5207599332258,0.128320092456305,0.19269810554889,"Stable"
"hsa-miR-4449",0.359941062569951,-0.401704926175683,0.311079150822541,-1.29132706294689,0.196590290182586,0.274616148148624,"Stable"
"hsa-miR-4473",0.701429553615091,-0.304272770728482,0.20180316244086,-1.50777008173819,0.131613381844169,0.195557619249591,"Stable"
"hsa-miR-450a-5p",39.1310998599551,0.852530187966647,0.137148201911186,6.21612369747819,5.09586377333136e-10,3.05751826399882e-09,"Stable"
"hsa-miR-450b-5p",60.6407550380873,1.06020572292258,0.143136306017193,7.40696579661089,1.29221772147135e-13,1.15256093548357e-12,"Up"
"hsa-miR-451a",1328.36172753799,-2.11851011442696,0.178486810046717,-11.8692810626873,1.70930187280007e-32,7.17906786576031e-31,"Down"
"hsa-miR-452-3p",2.75059110773527,0.0779926825307546,0.118695584618936,0.65708158210893,0.511128460850507,0.597422876318774,"Stable"
"hsa-miR-452-5p",67.9651156248967,0.320734194189471,0.102516857282934,3.12859955611285,0.00175641498375586,0.00398036489124529,"Stable"
"hsa-miR-4521",0.360130034527926,-0.916880817905425,0.243490037710485,-3.76557836421881,0.000166163996257575,0.000469431917678351,"Stable"
"hsa-miR-454-3p",7.38201411904388,-0.180858667024368,0.0765825329704869,-2.36161772155103,0.0181953939590332,0.0342182035647491,"Stable"
"hsa-miR-454-5p",0.449940898804517,-0.507472662908099,0.235886092350184,-2.15134626146052,0.0314488793869447,0.0559683446716813,"Stable"
"hsa-miR-455-3p",123.755343512101,-0.463914143030107,0.125578560472238,-3.69421453220643,0.00022056752856795,0.000601547805185318,"Stable"
"hsa-miR-455-5p",19.5951070634867,-0.685066513519845,0.123744467222657,-5.53613853528649,3.09213020274415e-08,1.47578941494607e-07,"Stable"
"hsa-miR-4638-3p",0.815484093437704,-0.107203880943358,0.196620781380538,-0.545231690112533,0.585594178651058,0.665928398104994,"Stable"
"hsa-miR-4660",0.404522998874232,0.63363217673518,0.286680520030152,2.21023799129616,0.0270886495930136,0.0493232637098225,"Stable"
"hsa-miR-4661-5p",2.68497454640752,0.229310397364442,0.125492573324796,1.82728261353719,0.0676572879941948,0.111581391194614,"Stable"
"hsa-miR-4662a-5p",7.86567277429315,-0.357600721761023,0.107169854958102,-3.33676593945962,0.000847592958446332,0.00204387585038615,"Stable"
"hsa-miR-4668-3p",1.14947050413154,0.438576299473687,0.198915025990836,2.204842481301,0.0274651498773172,0.0498110815386669,"Stable"
"hsa-miR-4677-3p",9.52038804930889,0.234705030655428,0.0801856092682198,2.92702185338947,0.00342224833061208,0.00721075735212578,"Stable"
"hsa-miR-4677-5p",0.284697267459223,0.443453375102418,0.301836601023458,1.46918357017927,0.141783005387352,0.207728589288446,"Stable"
"hsa-miR-4709-3p",10.2491529326088,3.12459713134485,0.190681302827558,16.3864893149517,2.38846503217699e-60,1.88091621283938e-58,"Up"
"hsa-miR-4728-3p",4.04034005590294,0.559085723378141,0.128272967054434,4.35856233949034,1.30919631653165e-05,4.48132821582281e-05,"Stable"
"hsa-miR-4732-3p",0.714969563201665,-2.0123144119475,0.254534733222826,-7.90585389454836,2.66103140897516e-15,2.94113997834096e-14,"Down"
"hsa-miR-4746-5p",1.55545686312473,0.634969104191394,0.178899157052289,3.54931300210545,0.000386237681969133,0.00100966696946288,"Stable"
"hsa-miR-4772-3p",2.71135563051302,-0.404343280357793,0.160175996324488,-2.52436875459583,0.0115906275745196,0.0225373313948991,"Stable"
"hsa-miR-4787-3p",5.02298771808424,1.26393851731874,0.140386277343754,9.00329107113385,2.19050625421589e-19,3.45004735039003e-18,"Up"
"hsa-miR-4791",0.57136846087993,-0.35965583291278,0.226930801380622,-1.58487006049718,0.112995860176068,0.174052302960691,"Stable"
"hsa-miR-4797-3p",0.623519297529654,0.629022580760279,0.273083030045795,2.30341145934552,0.021255703606226,0.0392700682461067,"Stable"
"hsa-miR-484",50.7929104878077,-0.291790065355641,0.087141666342713,-3.34845634243533,0.000812630828241727,0.00197666958220961,"Stable"
"hsa-miR-486-5p",332.70109974364,-2.05374474256142,0.192805930350824,-10.6518753796861,1.70887165042194e-26,4.68082234680793e-25,"Down"
"hsa-miR-491-3p",1.45005147357457,0.630773116722271,0.181715582218095,3.47121093867018,0.000518116823857274,0.00131618386705678,"Stable"
"hsa-miR-491-5p",7.87908688181351,-0.134728649602605,0.0845450102229263,-1.59357304762701,0.11103169520654,0.171445999951274,"Stable"
"hsa-miR-497-3p",0.565058807306904,0.0448478059901873,0.249594443248136,0.179682710105856,0.857401667852719,0.894309686667571,"Stable"
"hsa-miR-497-5p",21.5308205196358,-0.57415122709342,0.111050381335663,-5.17018690244728,2.33859982626403e-07,1.01608130382506e-06,"Stable"
"hsa-miR-4999-5p",2.08854818262104,0.24232700971842,0.144616502597454,1.6756525387213,0.093806271355622,0.148487313954879,"Stable"
"hsa-miR-499a-5p",0.642627360857924,-0.69510612095154,0.199528559988837,-3.48374248273245,0.000494454990042956,0.00126116050091928,"Stable"
"hsa-miR-5000-3p",1.48260777179972,-0.543206997540365,0.132973334911658,-4.08508215501437,4.40612240583179e-05,0.000137418669092774,"Stable"
"hsa-miR-500a-3p",189.749709740092,0.0834472696697846,0.0943271109976098,0.884658384924978,0.376340906855345,0.472300341272645,"Stable"
"hsa-miR-500a-5p",3.9985687751056,-0.197505274882709,0.0954061522472613,-2.07015239825248,0.0384380753303228,0.0665274380717125,"Stable"
"hsa-miR-500b-3p",0.922424980035047,0.0904487867229658,0.198160336220229,0.456442436706628,0.648071855514879,0.720079839460976,"Stable"
"hsa-miR-500b-5p",4.00333236368921,-0.195411226502556,0.09527968143964,-2.05092233254736,0.0402745109268157,0.0693249778248467,"Stable"
"hsa-miR-501-3p",28.9181858335399,0.284469821296493,0.108717853038006,2.61658792320932,0.00888134879258108,0.0176506300925113,"Stable"
"hsa-miR-501-5p",2.39920214077362,-0.149599745601873,0.116247510379607,-1.28690709257647,0.198126672884427,0.276150008666347,"Stable"
"hsa-miR-5010-3p",1.95331845662637,0.781017563546177,0.168265653683828,4.64157447730665,3.45764348878933e-06,1.28894402244809e-05,"Stable"
"hsa-miR-502-3p",9.74932020337212,-0.291303553690207,0.0670432575497856,-4.34500894402227,1.39269988540904e-05,4.71720928928868e-05,"Stable"
"hsa-miR-503-3p",2.6701822148646,0.737456670731249,0.188888162827139,3.90419738163334,9.45386027083227e-05,0.000274466911088679,"Stable"
"hsa-miR-503-5p",25.8064795957308,1.58141818418291,0.182560276965858,8.66244404569275,4.61755659942658e-18,6.61150149463351e-17,"Up"
"hsa-miR-505-3p",27.9924646170694,-0.0543090573722638,0.0640170750458133,-0.848352682989624,0.396241585794631,0.492371201283269,"Stable"
"hsa-miR-505-5p",5.82973802397657,0.0401469603544584,0.0925080842256418,0.433983264171092,0.66430059417527,0.730382852234591,"Stable"
"hsa-miR-506-3p",0.762285763502039,1.93581879227137,0.352094276121659,5.498012673181,3.84095332690429e-08,1.81939894432308e-07,"Up"
"hsa-miR-508-3p",49.8937466367024,1.94830824069107,0.182473864758392,10.6771906391677,1.30150868150414e-26,3.72704758794366e-25,"Up"
"hsa-miR-508-5p",1.27294151321027,2.38610252306806,0.326666625369148,7.3043964022087,2.78514160223739e-13,2.40361535535555e-12,"Up"
"hsa-miR-509-3-5p",1.08836881923689,2.30291291150761,0.388826768572244,5.92272214169772,3.16655626163112e-09,1.71976762485138e-08,"Up"
"hsa-miR-509-3p",10.8387173684676,2.06055428025886,0.206393815097394,9.98360478625057,1.79812856009165e-23,3.65426126728302e-22,"Up"
"hsa-miR-5091",1.40134896508772,-0.425564121413114,0.230132625387517,-1.84921247344444,0.0644271383089959,0.106813413512283,"Stable"
"hsa-miR-511-3p",0.538690932682968,0.188471282900165,0.280980832125205,0.670762063997956,0.502372118040041,0.592686206676453,"Stable"
"hsa-miR-511-5p",13.10666742926,0.783628846921952,0.162133234725938,4.83324007102283,1.34328633561263e-06,5.16018531363389e-06,"Stable"
"hsa-miR-514a-3p",23.2673163639822,1.98143796496166,0.195213940826755,10.1500843462819,3.31077158208233e-24,7.19236585073059e-23,"Up"
"hsa-miR-532-3p",45.7746849215523,-0.120825156097644,0.0913539330602872,-1.32260486275843,0.185966816279483,0.262137403554578,"Stable"
"hsa-miR-532-5p",862.362249261162,-0.119302502827476,0.0761350369505022,-1.56698555101561,0.117118068992482,0.178654681513955,"Stable"
"hsa-miR-542-3p",1232.64117387475,0.866961384064331,0.140523511708546,6.16951123355398,6.85014097588719e-10,4.03326057458779e-09,"Stable"
"hsa-miR-542-5p",14.0406649855264,0.55749827887787,0.134274454903672,4.1519310525432,3.29681595623153e-05,0.000104898689516458,"Stable"
"hsa-miR-545-5p",0.175069069643203,0.292076391563504,0.444035414547972,0.657777244774131,0.510681278351944,0.597422876318774,"Stable"
"hsa-miR-548aw",0.394276204515926,-0.155726466794327,0.272015621141734,-0.572490896444456,0.566989451526203,0.650643632898921,"Stable"
"hsa-miR-548b-3p",2.42427222564402,-0.362153812970115,0.130963021641518,-2.7653135093464,0.00568681114849467,0.0116019869212119,"Stable"
"hsa-miR-548e-3p",0.178966533864014,-0.00869350958459063,0.443898901986288,-0.0195844358832389,0.984374879819258,0.987509831665816,"Stable"
"hsa-miR-548o-3p",0.568307477078295,-0.216424199860351,0.232965846775997,-0.928995399349026,0.352891470589494,0.448229085627784,"Stable"
"hsa-miR-548v",0.831508584877744,0.56403257617017,0.248799159076452,2.26701962443873,0.0233890269223291,0.0428345551193818,"Stable"
"hsa-miR-550a-3p",1.4481698559049,-0.87845418139617,0.137576693274617,-6.38519621664903,1.71177836930166e-10,1.07842037266004e-09,"Stable"
"hsa-miR-550a-5p",2.68415722448205,-0.0813650804052896,0.112843359035349,-0.721044473514845,0.470882152445296,0.565058582934355,"Stable"
"hsa-miR-551b-3p",32.8882586195685,4.43658107752916,0.24968602094977,17.7686402332539,1.23651822563743e-70,1.2983441369193e-68,"Up"
"hsa-miR-5586-5p",2.46270190524159,0.238974582331118,0.178832973795835,1.33630044425668,0.181451091375389,0.258629383634604,"Stable"
"hsa-miR-5684",1.05720634206542,0.680871085944752,0.21734984006989,3.13260449478967,0.0017326274047056,0.0039406327255037,"Stable"
"hsa-miR-5698",1.4767885297695,0.586806848493937,0.323753029825836,1.81251384368391,0.0699068368422405,0.114393005741848,"Stable"
"hsa-miR-5703",0.309063465253201,-0.683649779830081,0.31809502001027,-2.14919988312929,0.0316185585544327,0.0561118081388525,"Stable"
"hsa-miR-574-3p",93.9761626327474,-0.299921888897291,0.0707927288026777,-4.23661997453539,2.26909700680322e-05,7.48445609573837e-05,"Stable"
"hsa-miR-576-5p",9.42367361778128,-0.23405942473588,0.0778550023240062,-3.00635049449749,0.00264404038251749,0.00572421113740899,"Stable"
"hsa-miR-577",5.12844546309936,-0.805826285920562,0.208679931136606,-3.86154184320221,0.000112673710071816,0.000324129850891525,"Stable"
"hsa-miR-582-3p",60.0650400448204,-0.343408299341263,0.116706989369133,-2.94248271845225,0.0032559195802894,0.00690649607940175,"Stable"
"hsa-miR-582-5p",3.76344844561009,-0.231267399869254,0.129029509036613,-1.79236053516742,0.0730752321921173,0.11774270148602,"Stable"
"hsa-miR-584-5p",72.15408365227,-0.316369759966553,0.10051157482197,-3.14759529464064,0.00164619437577826,0.00375761759688516,"Stable"
"hsa-miR-585-3p",1.8441766313309,0.162500803736049,0.177827548959779,0.913811187786226,0.360816066719077,0.456454060307266,"Stable"
"hsa-miR-585-5p",0.755810933624092,-0.425141400013947,0.203735585962926,-2.08673118151931,0.0369124409788411,0.0642398834714638,"Stable"
"hsa-miR-589-3p",1.66313412899897,0.177164028889958,0.151039482640912,1.17296501412916,0.240809835848795,0.322970056549139,"Stable"
"hsa-miR-589-5p",56.3381615712433,0.135434967637224,0.0732986439987873,1.84771450396088,0.0646436546518466,0.106891082495179,"Stable"
"hsa-miR-590-3p",4.53288726026668,-0.0836191275133461,0.0928251268688807,-0.900824273921667,0.367681759145145,0.464207431385654,"Stable"
"hsa-miR-590-5p",12.3348860027711,0.174346653922368,0.0742104034355615,2.349355964272,0.0188059185302297,0.0351564649081445,"Stable"
"hsa-miR-592",5.02203184157372,0.647881087920486,0.172837157960772,3.74850579334064,0.000177891229252694,0.000498095441907542,"Stable"
"hsa-miR-598-3p",106.991302880195,0.439244076816161,0.0872773805629089,5.03273670661503,4.83527009600639e-07,1.99099356894381e-06,"Stable"
"hsa-miR-616-5p",3.4274717856926,0.59611137058759,0.165752073264283,3.59640370613718,0.000322646942542616,0.000857669087771511,"Stable"
"hsa-miR-618",0.435397477267945,-0.0955833772031102,0.270244465485336,-0.35369226537702,0.723569519740615,0.787303622515696,"Stable"
"hsa-miR-624-5p",1.54297159295287,-0.703311928623355,0.126165494476577,-5.57451886144611,2.48214913510759e-08,1.19370530925022e-07,"Stable"
"hsa-miR-625-3p",126.354473511895,-0.00607570457775743,0.10070111575961,-0.0603340343543076,0.951889595814679,0.962584984531698,"Stable"
"hsa-miR-625-5p",2.95539111752089,0.354492424343941,0.12624709640847,2.80792536564159,0.00498617812217419,0.0102993187441631,"Stable"
"hsa-miR-627-5p",1.32269559943629,-0.0217658746769302,0.165028006674144,-0.131892004972877,0.895069712490989,0.924666449534603,"Stable"
"hsa-miR-628-3p",2.3433656370039,-0.477801182943903,0.118399339538862,-4.03550547498683,5.44848689981768e-05,0.000167441304726104,"Stable"
"hsa-miR-628-5p",18.4916776888028,-0.10218276946291,0.077152740012351,-1.32442178264248,0.185363004233079,0.262137403554578,"Stable"
"hsa-miR-629-3p",3.12302261624106,0.419335866384608,0.142626939641032,2.94008878995796,0.00328118206676462,0.00693672718812654,"Stable"
"hsa-miR-629-5p",87.4647602286026,0.376583960923435,0.0812623811809949,4.63417334627044,3.5836661367086e-06,1.32806450948613e-05,"Stable"
"hsa-miR-632",0.65954943161583,1.03094758343942,0.282873947842426,3.64454765559995,0.000267862501040714,0.000721168272032692,"Up"
"hsa-miR-639",0.983699615590844,1.00060327104265,0.263364563115365,3.79930868149617,0.000145100275111543,0.000413634268417521,"Up"
"hsa-miR-651-5p",4.01738234700022,-0.0229495692183542,0.105568375870888,-0.217390568236286,0.82790398091287,0.872206535075432,"Stable"
"hsa-miR-6511b-3p",3.45841502514242,-0.0176716592780336,0.119560336988875,-0.147805365249831,0.882496374993017,0.915935282117959,"Stable"
"hsa-miR-6514-3p",0.316109368460567,0.572656620024816,0.301203589342962,1.90122774192033,0.0572721888749271,0.0969932230946346,"Stable"
"hsa-miR-652-3p",35.3265568772266,-1.06606140724486,0.101616261060772,-10.4910512954939,9.496579630215e-26,2.39313806681418e-24,"Down"
"hsa-miR-652-5p",0.458350798288165,-0.190336866393608,0.253580440171764,-0.750597586567332,0.452894874048674,0.545552142735496,"Stable"
"hsa-miR-653-5p",10.0777431109894,0.215303714915506,0.136418036742965,1.57826428275884,0.114504907739118,0.175092456008845,"Stable"
"hsa-miR-654-3p",9.54859581316898,-0.31849753075583,0.220910100645991,-1.44175177968084,0.14937241051883,0.21783476533996,"Stable"
"hsa-miR-659-5p",2.12855308949648,0.636838319875172,0.151686805470178,4.19837650282889,2.68835397473219e-05,8.68545130298092e-05,"Stable"
"hsa-miR-660-3p",0.349818416615685,-0.30282205364947,0.272909187129713,-1.10960740030177,0.267168240967677,0.35360502481016,"Stable"
"hsa-miR-660-5p",59.5236144182471,-0.180291821636285,0.100968029957235,-1.78563275635512,0.0741587395627319,0.119183688582962,"Stable"
"hsa-miR-664a-3p",75.4395147435472,0.053361144181425,0.080697309246183,0.66125060029742,0.508451615932464,0.596507482378869,"Stable"
"hsa-miR-664a-5p",10.2561991053232,-0.077018502989635,0.0828942146160952,-0.929117952879195,0.352827961476389,0.448229085627784,"Stable"
"hsa-miR-664b-3p",8.7316422639093,0.433031647793748,0.0879833992692602,4.92174263997823,8.57769673183332e-07,3.39871002582075e-06,"Stable"
"hsa-miR-664b-5p",0.795898428050467,0.357688329650289,0.229355491709197,1.55953680020798,0.118869381611948,0.179856388770675,"Stable"
"hsa-miR-671-3p",4.6120812144856,0.362027076513282,0.12129812554842,2.98460569672007,0.00283944083026553,0.00610528233128765,"Stable"
"hsa-miR-671-5p",4.75158924318259,0.842124632305432,0.122412004097511,6.87942852103467,6.00931409068725e-12,4.25378413161008e-11,"Stable"
"hsa-miR-6715a-3p",5.70360087657626,0.354198193845441,0.36779919084314,0.963020590212502,0.335537190398381,0.430526333912383,"Stable"
"hsa-miR-6716-3p",0.830963899606215,0.213186512948897,0.215759311255215,0.988075609384595,0.323115620000368,0.418853581481958,"Stable"
"hsa-miR-6720-3p",0.315086925247228,-0.883477715305762,0.302125260331805,-2.92421002578697,0.00345331659212263,0.00725196484345753,"Stable"
"hsa-miR-6730-3p",0.309769928675751,1.01907226619766,0.327127332237168,3.11521589843441,0.00183810319187168,0.00415055559454896,"Up"
"hsa-miR-6730-5p",0.716717178293988,2.09772873900708,0.281998800704169,7.43878602947574,1.0161475725118e-13,9.27786914032511e-13,"Up"
"hsa-miR-6734-5p",0.270345885964428,0.877515097682463,0.350558798298714,2.50318948473439,0.0123079629441276,0.0237125891584109,"Stable"
"hsa-miR-675-3p",7.17236656536787,-1.24581387673585,0.229793538106472,-5.42144869260258,5.9117965683857e-08,2.75883839857999e-07,"Down"
"hsa-miR-6755-5p",1.09900417438735,0.00378277157664569,0.178725679956952,0.0211652381322976,0.9831138440189,0.987509831665816,"Stable"
"hsa-miR-676-3p",2.5978988269283,0.0497697271912738,0.178936572242665,0.278141726800145,0.780903565621069,0.831029132333233,"Stable"
"hsa-miR-676-5p",0.648643978036123,0.165497789584841,0.270185191742969,0.61253464158125,0.540184085685065,0.626732917093169,"Stable"
"hsa-miR-6761-5p",0.462716703483072,-0.438068767707091,0.243188874894322,-1.80135200632617,0.0716474156196149,0.116038795945943,"Stable"
"hsa-miR-6802-3p",0.780821624062236,0.0845185748858797,0.213550794862633,0.39577738373789,0.692269262545704,0.757169505909364,"Stable"
"hsa-miR-6803-3p",0.480215596404932,-0.173704083333019,0.253744014847394,-0.684564258343146,0.493618927517996,0.585649575021351,"Stable"
"hsa-miR-6806-3p",1.61470261860462,-0.391249411543206,0.131967994796839,-2.96472953268347,0.00302949148374858,0.00649176746517554,"Stable"
"hsa-miR-6820-3p",0.540853811603159,-0.974126188786359,0.196898081971106,-4.94736250873845,7.52258029099415e-07,2.99950986286476e-06,"Stable"
"hsa-miR-6833-3p",0.310453719553571,-0.0631417783887945,0.293289481254242,-0.215288247361517,0.82954259204939,0.872473844726404,"Stable"
"hsa-miR-6842-3p",5.80453063900014,1.1969122879722,0.15668111926882,7.63916095032897,2.18641853267857e-14,2.25810438620902e-13,"Up"
"hsa-miR-6843-3p",1.72903902413151,1.07065437155219,0.213954052863334,5.00413222943754,5.61142307274432e-07,2.29558216612268e-06,"Up"
"hsa-miR-6854-5p",1.3579601872123,2.21944190558414,0.273327235588469,8.12009056033411,4.65835948398906e-16,5.33593904529656e-15,"Up"
"hsa-miR-6868-3p",0.493907510494661,0.196121265173955,0.272788723315525,0.71894931282445,0.472172150936125,0.565516861903766,"Stable"
"hsa-miR-6874-3p",0.42765622662808,0.672369381875439,0.287704943460803,2.33701018059512,0.0194386547309229,0.0362318120724303,"Stable"
"hsa-miR-6892-5p",2.27353259485559,0.698995575712385,0.167340155333466,4.17709410105103,2.9525689909358e-05,9.49040032800792e-05,"Stable"
"hsa-miR-7-1-3p",25.2672495965843,0.341975994754787,0.0973128840532507,3.51419031592624,0.000441096662788756,0.0011342485614568,"Stable"
"hsa-miR-7-2-3p",5.99119480729478,-1.38349269726549,0.307792012894172,-4.49489473185638,6.96043721971462e-06,2.48871724362382e-05,"Down"
"hsa-miR-7-5p",19.6512694475666,-1.03391251671763,0.341544534346323,-3.02716750744211,0.00246857121633963,0.0053813144162421,"Down"
"hsa-miR-708-3p",137.596081372079,-0.440030760596648,0.145294884933939,-3.0285358001193,0.00245741958844806,0.00537560534973012,"Stable"
"hsa-miR-708-5p",49.3954060928783,-0.827593037456094,0.146487358155725,-5.64958674847772,1.60834007270414e-08,8.04170036352068e-08,"Stable"
"hsa-miR-744-3p",17.1061566617088,0.496297117820553,0.0860352449224779,5.76853263180388,7.99647307694248e-09,4.26930342243539e-08,"Stable"
"hsa-miR-744-5p",63.6845908630318,0.798179238913182,0.0941170064390401,8.48071213814227,2.23819745123666e-17,2.9485370498136e-16,"Stable"
"hsa-miR-760",0.53079444344318,-0.238388346051716,0.246601628869172,-0.966694125845319,0.333696964502009,0.429038954359725,"Stable"
"hsa-miR-766-3p",6.1987906138302,-0.108757365648318,0.132029789463108,-0.823733538397463,0.410090978436614,0.504604133623177,"Stable"
"hsa-miR-769-3p",1.6416598498427,0.131285759218218,0.147870699999852,0.887841602280568,0.374625961077763,0.471840439733358,"Stable"
"hsa-miR-769-5p",15.3781148535116,0.169253886715223,0.0632526597881063,2.67583825379385,0.00745426102886533,0.0148901288553953,"Stable"
"hsa-miR-7705",0.31572690087418,1.00180818861702,0.297970121317707,3.36210954369098,0.000773494317777994,0.00190352117265678,"Up"
"hsa-miR-7706",1.36557433754036,0.399092260221392,0.177153248646024,2.25280802509487,0.0242712559829389,0.044321423968845,"Stable"
"hsa-miR-874-3p",128.295229221528,0.0542062670403459,0.160504285685544,0.337724733073768,0.735570634473926,0.791053567754512,"Stable"
"hsa-miR-874-5p",3.21654849224453,-0.190457341657267,0.152845661120791,-1.24607620694415,0.212736418938258,0.291991163248589,"Stable"
"hsa-miR-877-5p",2.04874544765625,0.661547052048817,0.183530290552841,3.60456603678916,0.000312674941911334,0.000838234950655916,"Stable"
"hsa-miR-887-3p",3.8053622165274,-0.26308232088263,0.125404320259224,-2.09787286704964,0.0359163774455174,0.0628536605296555,"Stable"
"hsa-miR-889-3p",4.20738924414671,-0.00277928157448764,0.206000702803478,-0.013491612099688,0.989235577569457,0.99080828913952,"Stable"
"hsa-miR-891a-5p",58.7282068035708,2.36336836466822,0.343355846049217,6.88314584377121,5.85450332219377e-12,4.19129215111599e-11,"Up"
"hsa-miR-9-5p",114.580792384309,-1.45887151929408,0.196977644577996,-7.40627964365987,1.29891787967196e-13,1.15256093548357e-12,"Down"
"hsa-miR-92a-1-5p",2.1112474154713,-0.579150223811198,0.111447011486139,-5.1966420282452,2.02920578767488e-07,8.91579577558896e-07,"Stable"
"hsa-miR-92a-3p",8793.62027986992,0.166312958531765,0.0673050203431681,2.47103347839114,0.0134723205686975,0.0257198847220589,"Stable"
"hsa-miR-92b-3p",119.537649746887,0.649535464207404,0.106652631385915,6.09019632958806,1.12772303164244e-09,6.45877736304306e-09,"Stable"
"hsa-miR-92b-5p",0.665870486095198,0.030428754558431,0.243300867375734,0.125066362839716,0.900471012731778,0.928472566319182,"Stable"
"hsa-miR-93-3p",9.40878032501745,0.125101486947641,0.0921803151551548,1.35713885049182,0.174737096052846,0.250826443529139,"Stable"
"hsa-miR-93-5p",3189.12354392738,0.180908681019178,0.0827583129774447,2.18598802356549,0.0288164815505209,0.0517218899624734,"Stable"
"hsa-miR-935",1.71462467740207,0.825217238918586,0.222784137034836,3.70411129760801,0.000212133112128977,0.000583597644721641,"Stable"
"hsa-miR-939-5p",0.605950251751187,0.34883903002719,0.259506206474643,1.34424156850089,0.178870283674821,0.255528976678315,"Stable"
"hsa-miR-940",1.94947532469255,-0.186793817785483,0.141082582391554,-1.32400339304156,0.185501917842087,0.262137403554578,"Stable"
"hsa-miR-942-3p",0.172187918859441,-0.393277996979369,0.486549899372831,-0.808299410782552,0.418918241644373,0.513460101626371,"Stable"
"hsa-miR-942-5p",3.54856718890633,-1.02832753580531,0.109299526097929,-9.40834395644097,5.04015062413925e-21,9.33910262708155e-20,"Down"
"hsa-miR-95-3p",15.6655204533252,-0.149525620873216,0.0986659245860437,-1.51547377172571,0.129652467565062,0.193557001341207,"Stable"
"hsa-miR-96-5p",16.8559893448058,1.32277413123352,0.133697732337157,9.89376639461438,4.4303867782853e-23,8.72232396974919e-22,"Up"
"hsa-miR-98-3p",1.89428268600117,0.220829991607152,0.145936688633932,1.51319036819509,0.13023131011418,0.19396152570197,"Stable"
"hsa-miR-98-5p",77.6123446242963,0.0248765406457445,0.0724779968650755,0.343228865610821,0.731426290584533,0.790649583745059,"Stable"
"hsa-miR-99a-3p",6.82581360269645,-0.104603030870393,0.0909648347746964,-1.1499282236864,0.250173435186814,0.333917932558672,"Stable"
"hsa-miR-99a-5p",1721.17063232482,-0.385743258399957,0.0791908578502561,-4.87105795885388,1.1100226952757e-06,4.31675492607217e-06,"Stable"
"hsa-miR-99b-3p",94.7772125862894,0.424429620635044,0.0840682711592371,5.04863029514565,4.44988930993106e-07,1.856576334607e-06,"Stable"
"hsa-miR-99b-5p",47855.7475854118,0.49957979727001,0.0712414725416136,7.01248555717592,2.34121035449848e-12,1.84370315416755e-11,"Stable"
"hsa-miR-100-3p",0.515236661069742,-0.647227824390202,0.221630731214085,-2.92029819531214,0.00349696599519308,0.00731923115272971,"Stable"
"hsa-miR-10a-3p",0.42272106183036,-0.45386068129496,0.254672493393647,-1.78213467519411,0.0747272723937139,0.11979181070748,"Stable"
"hsa-miR-10b-3p",7.93382922039637,-0.108998019513839,0.11637724077546,-0.936592230470063,0.34896835007392,0.445040608393865,"Stable"
"hsa-miR-1228-3p",0.259290736460403,0.773145433101693,0.351602852578845,2.1989168387885,0.0278838360549723,0.050334718380036,"Stable"
"hsa-miR-1247-5p",3.63408243585655,-1.53834054605579,0.27544176112558,-5.58499386501682,2.33708464176306e-08,1.13258717254671e-07,"Down"
"hsa-miR-1288-3p",0.472469026392171,0.455790202632419,0.284036278802957,1.60469009294623,0.108562023272714,0.168874258424221,"Stable"
"hsa-miR-1301-5p",0.198053461628848,-0.107754295506181,0.38404439163122,-0.280577708864586,0.779034315247891,0.831029132333233,"Stable"
"hsa-miR-134-5p",67.3658668626342,-0.265524346385383,0.213691031442116,-1.24256195776428,0.214029295770653,0.293127078990242,"Stable"
"hsa-miR-136-3p",4.20184634832282,-0.442632272396648,0.208797510011136,-2.11991164249536,0.0340134973771713,0.0599582468575171,"Stable"
"hsa-miR-154-5p",1.23957549502813,-0.793268771980776,0.215287904514477,-3.68468806350165,0.000228982902652152,0.000621807020133,"Stable"
"hsa-miR-15a-3p",0.231198529139704,0.0266972934908975,0.332638215466064,0.080259249387481,0.936031067894358,0.951917301229764,"Stable"
"hsa-miR-183-3p",0.366604344636195,1.33875980409121,0.29799339541609,4.4925821333117,7.03647670400892e-06,2.49043838400316e-05,"Up"
"hsa-miR-194-3p",2.27193566545286,-0.402187138504114,0.113032136939371,-3.55816628256654,0.000373452878381409,0.000984415537156016,"Stable"
"hsa-miR-196a-5p",2.68679868007582,2.10090001185472,0.352843348954496,5.95420040672401,2.61346397474916e-09,1.44428272288769e-08,"Up"
"hsa-miR-200b-5p",17.6005741052872,0.543156263763875,0.14451474184766,3.75848343787958,0.000170946351680469,0.00048078661410132,"Stable"
"hsa-miR-203a-5p",0.325144427741861,0.469031060778938,0.296917928747413,1.57966567649723,0.114183449991013,0.175025726263597,"Stable"
"hsa-miR-20b-3p",0.400823586428803,-0.288717140374778,0.315809975315276,-0.914211592228995,0.360605674104395,0.456454060307266,"Stable"
"hsa-miR-2116-3p",0.36294541590734,0.892321012470597,0.306128734560608,2.91485545697421,0.00355853313205518,0.00742343004369128,"Stable"
"hsa-miR-216a-5p",1.10612621062804,0.851747352419969,0.318387656774799,2.67518961334115,0.00746869955286497,0.0148901288553953,"Stable"
"hsa-miR-218-1-3p",1.87250261117969,-0.246234612773789,0.153702330433203,-1.6020226373913,0.109150603720758,0.169371626463245,"Stable"
"hsa-miR-219b-3p",0.155762414507839,0.692848499824814,0.50956251825982,1.35969282472134,0.173927149687819,0.250826443529139,"Stable"
"hsa-miR-23c",0.45776004467246,0.822648562431962,0.451367436930129,1.82256958549561,0.0683686056096234,0.112460108444028,"Stable"
"hsa-miR-296-3p",2.29466479556541,0.641042748197145,0.150397401567956,4.26232595453117,2.02310055164181e-05,6.74366850547269e-05,"Stable"
"hsa-miR-299-5p",0.824943425223095,-0.326895930190411,0.265495230265623,-1.23126856125949,0.218222436199207,0.297576049362554,"Stable"
"hsa-miR-3064-3p",0.259165934053327,0.125590422951074,0.321129590932033,0.391089536739875,0.695731054443024,0.759637026514913,"Stable"
"hsa-miR-31-5p",65.0951695869331,2.38108905029217,0.218562811228561,10.8943009879305,1.22705163601654e-27,3.68115490804961e-26,"Up"
"hsa-miR-3157-3p",0.206870062405489,-0.63727593686731,0.38128946772973,-1.67137041749874,0.0946485353250139,0.149445055776338,"Stable"
"hsa-miR-320d",0.478010424954236,-0.162094920285397,0.253817840615692,-0.638626977095857,0.523065627282735,0.610243231829857,"Stable"
"hsa-miR-323a-3p",0.631980394393403,-0.350109951515805,0.296821319308364,-1.17953101324262,0.238186794864932,0.320636070010485,"Stable"
"hsa-miR-337-3p",9.55347478180082,-0.639080697187192,0.195691611332003,-3.26575417738756,0.00109172977691902,0.00256637969947382,"Stable"
"hsa-miR-346",2.38278279065943,0.508422954381159,0.163987772579788,3.10037112147363,0.00193278304737563,0.00434876185659518,"Stable"
"hsa-miR-3613-3p",0.670870111739427,0.526762007447388,0.257920561126775,2.04234204960677,0.0411176137594684,0.0705833696688422,"Stable"
"hsa-miR-3622a-3p",1.00597721284296,0.137454092611796,0.230421766865928,0.596532586662154,0.550819491202064,0.637897572531802,"Stable"
"hsa-miR-3652",0.360659902429647,-0.937794722584062,0.293249580801621,-3.19794053931988,0.0013841281696968,0.0032296323959592,"Stable"
"hsa-miR-3682-3p",0.527786868396049,-0.292104479904206,0.236715430877606,-1.23399002262442,0.217206622135235,0.29683334478351,"Stable"
"hsa-miR-370-5p",1.06882320554341,-0.600991375363286,0.214856106014709,-2.79718080398489,0.00515506763557852,0.0106012358036827,"Stable"
"hsa-miR-376c-3p",1.61011716374822,-0.331129002060908,0.217907131513134,-1.51958772419043,0.128614625087719,0.19269810554889,"Stable"
"hsa-miR-381-3p",13.8001548935014,-0.504160575208569,0.203529385344492,-2.47708985292336,0.0132458550837194,0.0253644033518032,"Stable"
"hsa-miR-382-5p",4.5458429313219,0.139730199136161,0.220482201461372,0.63374820375531,0.526245160997647,0.612817839978775,"Stable"
"hsa-miR-3913-3p",0.204223464642966,0.468587406936341,0.382525595919021,1.22498314344313,0.220581571721029,0.30014339132667,"Stable"
"hsa-miR-3922-3p",0.379287534559538,0.751922477949334,0.289341467586994,2.59873734732911,0.00935673354828904,0.0184788154715426,"Stable"
"hsa-miR-409-3p",4.90290999337382,0.511405624384564,0.210977022608004,2.42398730469695,0.0153511421243796,0.0291597110162616,"Stable"
"hsa-miR-411-5p",2.38414560319022,-0.849472344429639,0.229132268492167,-3.70734488869549,0.000209443619842446,0.000581275244496657,"Stable"
"hsa-miR-412-5p",1.40235795329359,0.626981158692885,0.338657141162827,1.85137439163414,0.0641157105545239,0.106577566357124,"Stable"
"hsa-miR-432-5p",1.83304529782029,0.0764591457010882,0.222970124020039,0.342912065179713,0.731664614798999,0.790649583745059,"Stable"
"hsa-miR-4423-5p",0.433164175506441,0.432391417740085,0.317561709401336,1.36159809239982,0.173324757603896,0.250826443529139,"Stable"
"hsa-miR-4442",0.31826444038168,0.583140750192091,0.306032288643661,1.90548766202605,0.056716709741816,0.0963113939011969,"Stable"
"hsa-miR-449a",0.280102977473426,0.569000296665609,0.419222893712741,1.35727391132293,0.174694193585183,0.250826443529139,"Stable"
"hsa-miR-450a-1-3p",0.460028972277992,1.05912278493372,0.333625380546815,3.17458696696819,0.00150049918615014,0.00346269042957725,"Up"
"hsa-miR-4536-3p",0.448721581043256,-0.300380889690757,0.251206568977198,-1.19575252714837,0.231793146588099,0.314042327635489,"Stable"
"hsa-miR-4683",0.28674765233841,-1.12094111648662,0.274098194834567,-4.08956037511727,4.32191563400554e-05,0.000135463027334502,"Down"
"hsa-miR-4685-3p",0.183417378010439,-0.288699840016202,0.459994588163704,-0.627615731673475,0.530255700518458,0.6163488769864,"Stable"
"hsa-miR-4727-5p",0.15778704889494,-0.00478505487747619,0.512211756991106,-0.00934194659174776,0.99254631346307,0.99254631346307,"Stable"
"hsa-miR-4742-3p",0.846084741472396,0.612759782157409,0.235225015934415,2.6049941147767,0.00918758380699178,0.0182018169761158,"Stable"
"hsa-miR-4772-5p",0.277787647299497,-0.701460622490214,0.318247250802275,-2.20413725718569,0.0275146926594541,0.0498110815386669,"Stable"
"hsa-miR-4781-3p",0.184263108450271,-0.463645592477405,0.434280757420198,-1.06761716828451,0.285693236076534,0.375755195674773,"Stable"
"hsa-miR-4786-5p",0.261879955039282,0.310115150275077,0.311580369498286,0.995297459767546,0.319591612890116,0.415139620867574,"Stable"
"hsa-miR-486-3p",0.605709026799197,-1.78360750347525,0.21036974223664,-8.47844126494632,2.28230912108235e-17,2.9485370498136e-16,"Down"
"hsa-miR-487b-3p",1.56986140295627,-0.16491033884414,0.215140217579097,-0.766524923604812,0.4433640277815,0.536155686201012,"Stable"
"hsa-miR-493-5p",2.69226915205481,0.31776789228634,0.235240471713039,1.35082152306671,0.176752611772246,0.253077603219353,"Stable"
"hsa-miR-5001-5p",0.236129891337928,0.308415638086881,0.369780033118937,0.834051626545451,0.404251892374088,0.499410352372365,"Stable"
"hsa-miR-502-5p",0.758834285152069,-0.102408143047047,0.204887043748739,-0.499827325209663,0.617196668313181,0.694346251852328,"Stable"
"hsa-miR-5187-5p",0.595414397417695,0.174384008231847,0.252360253839476,0.691012176357897,0.489557889100199,0.581927302137972,"Stable"
"hsa-miR-539-5p",1.61668854315336,0.328702051011373,0.252295535548072,1.30284529330779,0.192627583997476,0.269678617596467,"Stable"
"hsa-miR-548j-5p",0.372028432904221,-0.890295758371846,0.233005523070665,-3.82092126675402,0.000132954095072751,0.000380732181344696,"Stable"
"hsa-miR-550a-3-5p",0.472974082533179,-0.495004105716147,0.237120516820532,-2.08756337221885,0.0368372389291391,0.0642398834714638,"Stable"
"hsa-miR-5683",2.65384514729788,0.124483116750306,0.244416259911222,0.509307837357142,0.610536465260018,0.689315364003246,"Stable"
"hsa-miR-570-3p",0.244201042026258,-0.381858626367744,0.34043950263981,-1.12166368299438,0.262005463480287,0.34823510968899,"Stable"
"hsa-miR-5706",0.372515503858251,0.30475410541964,0.288429134233385,1.05659959154142,0.290694367007449,0.380743141818488,"Stable"
"hsa-miR-580-3p",0.210946370995569,-0.208132266416505,0.375560454897887,-0.554191112781285,0.579448059860741,0.662526819804476,"Stable"
"hsa-miR-581",0.366040843088524,0.250693715128706,0.286571326720557,0.874803903089591,0.38168061314805,0.478049276905112,"Stable"
"hsa-miR-605-5p",0.486420831415753,-0.67745004802353,0.221431190973365,-3.0594156362778,0.0022176923822378,0.00493691237035269,"Stable"
"hsa-miR-616-3p",1.28121708292372,0.446378343008775,0.196872494326812,2.26734742471327,0.0233690105090155,0.0428345551193818,"Stable"
"hsa-miR-642a-5p",1.99725364050884,-0.0149610197606316,0.197512004229839,-0.0757473947923787,0.939620068685499,0.951917301229764,"Stable"
"hsa-miR-643",0.147682152777152,-0.0441568773157158,0.533301470668188,-0.0827990915914602,0.934011291453953,0.951917301229764,"Stable"
"hsa-miR-6509-5p",0.48064345257541,-0.134013426690969,0.258457050245555,-0.518513333506073,0.604100159619174,0.683273071023482,"Stable"
"hsa-miR-6514-5p",0.474472623878332,1.04722895032577,0.286194636505695,3.6591494624496,0.000253053727041169,0.000684222523759383,"Up"
"hsa-miR-6516-5p",0.290771044411396,0.242520138168084,0.316408690539715,0.766477487563329,0.443392242080519,0.536155686201012,"Stable"
"hsa-miR-6718-5p",0.454670451913292,1.16227310738039,0.348405299403961,3.33597999045583,0.000849992813970113,0.00204387585038615,"Up"
"hsa-miR-6733-3p",0.502551590677361,0.370885465516281,0.280436973567626,1.32252698635989,0.185992729188724,0.262137403554578,"Stable"
"hsa-miR-6798-3p",0.222354033386766,0.437900717533898,0.404642136582959,1.08219257942782,0.279166965101,0.367939723877886,"Stable"
"hsa-miR-6808-3p",0.491399444570217,0.133265755984034,0.282549177917882,0.471655083076425,0.637173002722166,0.711042394932425,"Stable"
"hsa-miR-6837-3p",0.789732197558073,-0.188224558350785,0.199418108236099,-0.943868939564596,0.345236626065403,0.441174593146458,"Stable"
"hsa-miR-6875-5p",0.305055030465528,0.848787489058485,0.33154678928155,2.56008357341591,0.010464699429209,0.0204110236544943,"Stable"
"hsa-miR-7112-3p",0.304057156000405,1.0618380132769,0.384524752640993,2.76142954643096,0.00575489315790759,0.0116954280305864,"Up"
"hsa-miR-758-5p",2.49980194738453,-0.335880247851926,0.24751735204631,-1.35699677244884,0.174782236046495,0.250826443529139,"Stable"
"hsa-miR-887-5p",0.499210037782111,-0.182792324469608,0.254759198878535,-0.717510202867141,0.473059343211563,0.565516861903766,"Stable"
"hsa-miR-937-3p",1.40248706777061,1.20147705901409,0.224932971783657,5.3414892867271,9.21860651239407e-08,4.20849427739729e-07,"Up"
"hsa-miR-944",0.953320306579797,1.28207267563419,0.32142877560203,3.98866801279037,6.64453345128347e-05,0.000201252695880221,"Up"
"hsa-miR-154-3p",0.509083537156175,0.011815877059567,0.274566362941229,0.0430346854326662,0.965673884478127,0.971844324634537,"Stable"
"hsa-miR-323b-3p",0.766840669869814,0.420726323205757,0.329284577457882,1.27769823431701,0.201355848052504,0.278800404995775,"Stable"
"hsa-miR-3614-3p",0.314179430965102,-0.269201691981933,0.323331325720891,-0.832587722150732,0.40507728581314,0.499410352372365,"Stable"
"hsa-miR-365b-5p",0.227568435628412,-0.300358822754699,0.34498778998727,-0.870636096326142,0.383952880842843,0.479941101053554,"Stable"
"hsa-miR-369-3p",1.59023311858107,0.245011296891688,0.225286456704011,1.08755448719047,0.276791832173696,0.365574117965259,"Stable"
"hsa-miR-369-5p",1.14794994277707,-0.769166451693291,0.26023460377315,-2.95566554386358,0.00311995214344964,0.00666294864533314,"Stable"
"hsa-miR-370-3p",1.35357580597744,0.0196404217308102,0.255744538527584,0.0767970328668107,0.938785011198547,0.951917301229764,"Stable"
"hsa-miR-377-5p",0.552650109895302,-0.156671679131832,0.327538634900737,-0.478330378275262,0.632415078000381,0.707675842167389,"Stable"
"hsa-miR-382-3p",0.618162211929682,-0.0549356223181501,0.281114928516066,-0.195420508644423,0.84506376253819,0.882902438472736,"Stable"
"hsa-miR-3940-3p",0.460140010988923,-0.0855341651086141,0.306198774873874,-0.279341957340771,0.779982409974583,0.831029132333233,"Stable"
"hsa-miR-410-3p",3.94229489188789,0.235925900356459,0.224374638388894,1.05148203045811,0.293037258219738,0.382536598860979,"Stable"
"hsa-miR-431-3p",1.89478247213815,0.133556536175507,0.240509190378583,0.555307412433084,0.578684409645154,0.662526819804476,"Stable"
"hsa-miR-483-3p",0.541705504230674,-0.519550740549254,0.288424629916307,-1.80133971464231,0.0716493517824951,0.116038795945943,"Stable"
"hsa-miR-483-5p",0.38931730129337,-0.914108887533987,0.272121358238017,-3.35919566715686,0.000781696981436524,0.00191622217239303,"Stable"
"hsa-miR-485-3p",1.16619028090913,0.101891515693859,0.229475893452269,0.444018385378037,0.657029291514452,0.724918482756751,"Stable"
"hsa-miR-493-3p",1.35514084109112,0.47075107475135,0.248282365283361,1.89603105405448,0.0579559383155616,0.0978880459485356,"Stable"
"hsa-miR-495-3p",1.95677499321082,-0.226614245946629,0.191344040408601,-1.18432873823878,0.236282957035895,0.318754310348209,"Stable"
"hsa-miR-504-5p",0.763761736731163,-0.736174019977598,0.212217164355665,-3.46896549208343,0.000522466557280508,0.00131661572434688,"Stable"
"hsa-miR-5581-3p",0.161847675081114,0.551758408191376,0.493215274046206,1.11869692044388,0.263269459434024,0.349178440933547,"Stable"
"hsa-miR-561-5p",0.288497238436025,-0.62575817611654,0.293761521698966,-2.13015704881114,0.0331586497332864,0.0586796329549731,"Stable"
"hsa-miR-655-3p",0.560166829754531,-0.456179525715643,0.264035822640731,-1.72771831167909,0.0840387389187426,0.133697993734363,"Stable"
"hsa-miR-758-3p",3.40198597361705,0.077162808247706,0.223371748534585,0.345445692008624,0.729759331584102,0.790649583745059,"Stable"
"hsa-miR-765",0.280402635042146,1.01467995128793,0.343620868488207,2.95290549654949,0.00314798319092128,0.00670009935905543,"Up"
"hsa-miR-579-5p",0.274808386046374,-0.445901914520142,0.285292102859586,-1.56296620218613,0.11806054462173,0.179224441232988,"Stable"
"hsa-miR-1304-5p",0.274736468726029,-0.410975912620926,0.321265464574317,-1.27924087067832,0.200812247517422,0.278660167259859,"Stable"
