"","logFC","logCPM","LR","PValue","FDR","tag"
"hsa-miR-34a-5p",2.30004567065993,8.88724872838961,292.231930175894,1.62272619612495e-65,1.02231750355872e-62,"Up"
"hsa-miR-4709-3p",3.05761226168485,3.62394228899203,283.073036289064,1.60672332202081e-63,5.06117846436556e-61,"Up"
"hsa-miR-146b-3p",5.99397033269363,12.2297358092229,273.077199802262,2.42248316731915e-61,4.47920988314485e-59,"Up"
"hsa-miR-221-3p",3.3905314555675,10.7806005647622,272.75756599324,2.84394278294911e-61,4.47920988314485e-59,"Up"
"hsa-miR-222-3p",3.23413963908022,8.75459837432844,270.330062382867,9.61554169155699e-61,1.21155825313618e-58,"Up"
"hsa-miR-146b-5p",5.76291210646618,14.4646991620835,253.029873558103,5.67434191292074e-57,5.95805900856677e-55,"Up"
"hsa-miR-181b-5p",1.57806238671379,10.2120186664883,214.419627954555,1.49167710441698e-48,1.34250939397528e-46,"Up"
"hsa-miR-144-5p",-2.13116351662273,8.15506399397881,212.039765052468,4.9301130870553e-48,3.88246405605605e-46,"Down"
"hsa-miR-551b-3p",4.44246912684018,5.14806093492661,206.551789534617,7.76598660015269e-47,5.43619062010688e-45,"Up"
"hsa-miR-451a",-2.1002143081504,10.3811773932253,202.728254423899,5.30255713965184e-46,3.34061099798066e-44,"Down"
"hsa-miR-181a-5p",1.43044283983397,12.4224159560517,190.766778280974,2.16252749320385e-43,1.23853847338038e-41,"Up"
"hsa-miR-181b-2-3p",1.97799059311423,4.24664430405802,185.609689167801,2.88867528075857e-42,1.51655452239825e-40,"Up"
"hsa-miR-181a-2-3p",1.6070375920809,12.2999330230477,179.820079170819,5.30523272041936e-41,2.57099739528015e-39,"Up"
"hsa-miR-486-5p",-2.02551122129582,8.37841493423192,162.149059760926,3.83816481023502e-37,1.72717416460576e-35,"Down"
"hsa-miR-144-3p",-1.89062139290321,4.52780769604733,151.008547249586,1.04356635378246e-34,4.38297868588632e-33,"Down"
"hsa-miR-21-5p",1.95387611301572,17.5464694832191,147.775096599495,5.31244166573715e-34,2.091773905884e-32,"Up"
"hsa-miR-363-3p",-1.42937674326722,3.04990455918486,140.853153153136,1.73241834786107e-32,6.42013858324984e-31,"Down"
"hsa-miR-28-5p",-0.655905891814747,5.94662464214079,132.510805701201,1.15675338870694e-30,4.04863686047429e-29,"Stable"
"hsa-miR-652-3p",-1.03381029045105,5.22495900010174,127.344714736791,1.56152971665887e-29,5.17770379734257e-28,"Down"
"hsa-miR-222-5p",1.64727913305011,5.24554540350199,112.627652060313,2.60351263648937e-26,8.20106480494151e-25,"Up"
"hsa-miR-375-3p",2.9130442595438,12.7345250686102,102.779370786823,3.7463034451581e-24,1.12389103354743e-22,"Up"
"hsa-miR-31-3p",2.57796236939295,5.2149474341668,98.3331697185895,3.53593285885845e-23,1.01256259140037e-21,"Up"
"hsa-miR-221-5p",2.38119985453556,4.81601804491301,98.1275515852062,3.92282687865746e-23,1.07451344937139e-21,"Up"
"hsa-miR-181a-3p",1.0340848457285,8.21753134421187,97.9797545699142,4.2268205000552e-23,1.10954038126449e-21,"Up"
"hsa-miR-4787-3p",1.23390251005067,2.81127306685765,93.4090433910529,4.25303039281262e-22,1.07176365898878e-20,"Up"
"hsa-miR-4732-3p",-1.67744080765758,1.46440066004656,93.0054730982094,5.21499264795374e-22,1.26363283392725e-20,"Down"
"hsa-miR-942-5p",-0.980973296020601,2.46681002360009,89.0262992208771,3.89598551728015e-21,9.09063287365367e-20,"Stable"
"hsa-miR-181d-5p",1.09050097427532,6.03856300808644,87.9752685176779,6.6277996892347e-21,1.49125493007781e-19,"Up"
"hsa-miR-23b-3p",0.735229836545376,11.2433878016288,87.595587548696,8.03035904160751e-21,1.74452627455611e-19,"Stable"
"hsa-miR-15a-5p",0.732156704787885,7.78290165528536,86.600129918937,1.32838423851747e-20,2.75097775288473e-19,"Stable"
"hsa-miR-187-3p",3.04474961751212,3.61113313076844,86.5628599116631,1.35365571967344e-20,2.75097775288473e-19,"Up"
"hsa-miR-18a-5p",-0.923961498804162,2.78990045153694,86.3574371965303,1.50182671842185e-20,2.95672135189301e-19,"Stable"
"hsa-miR-508-3p",1.93771824050807,5.69341119412009,85.6582376575371,2.13882638685042e-20,4.08321401125989e-19,"Up"
"hsa-miR-214-3p",-1.27318277345456,2.45668158925595,85.1026779838495,2.83266637097486e-20,5.24876415798282e-19,"Down"
"hsa-miR-96-5p",1.32776035994736,4.25242840645867,84.3622295870546,4.11942866184097e-20,7.41497159131375e-19,"Up"
"hsa-miR-509-3p",2.01675506621959,3.66457093297514,82.7991525740297,9.08289081896539e-20,1.58950589331894e-18,"Up"
"hsa-miR-31-5p",2.38271309215259,6.08122427688542,82.2899637534351,1.17517326756514e-19,2.00097069882713e-18,"Up"
"hsa-miR-6854-5p",1.744261174969,1.74065162184792,81.3361437694441,1.90412087156986e-19,3.15683197128687e-18,"Up"
"hsa-miR-106a-5p",-0.8038149756603,3.14030955860872,80.6224306361901,2.73240208434815e-19,4.41388029010085e-18,"Stable"
"hsa-miR-34a-3p",1.66988416907444,1.75637835559566,78.9750987813505,6.28977520838154e-19,9.90639595320093e-18,"Up"
"hsa-miR-514a-3p",1.94902394449378,4.64812644871959,78.9181379129752,6.47376537032862e-19,9.94749313001715e-18,"Up"
"hsa-miR-181c-3p",0.872978876572092,7.04889384149804,77.6048822598739,1.25858633304503e-18,1.88787949956755e-17,"Stable"
"hsa-miR-744-5p",0.856228922471097,6.04073408774512,76.5837575182302,2.11068501434515e-18,3.09239897450569e-17,"Stable"
"hsa-miR-486-3p",-1.40837853915148,1.39232251325888,75.3112437293091,4.02063503760877e-18,5.75681834930347e-17,"Down"
"hsa-miR-125a-5p",0.812306518493491,10.9123336766082,74.5768971584796,5.8321731872847e-18,8.16504246219858e-17,"Stable"
"hsa-miR-3065-5p",1.75492532975991,3.44198197539827,74.336502836386,6.58741142342719e-18,9.02188955817202e-17,"Up"
"hsa-miR-9-5p",-1.45716942213725,6.85794666231624,73.1224754498965,1.21849036959834e-17,1.63329560180203e-16,"Down"
"hsa-miR-16-1-3p",0.85801568697871,2.84792098868863,72.885140202243,1.37418943945152e-17,1.80362363928012e-16,"Stable"
"hsa-miR-335-3p",0.654836382283916,6.11036741393376,68.9758693863787,9.96755862076377e-17,1.28122471792171e-15,"Stable"
"hsa-miR-1307-3p",0.776851848009265,9.57408482381008,68.9365163726785,1.01684501422358e-16,1.28122471792171e-15,"Stable"
"hsa-miR-27b-5p",0.706827756886276,4.89711097659218,68.6445407164359,1.17910668934035e-16,1.45654355742043e-15,"Stable"
"hsa-miR-195-5p",-0.941598242886508,5.21617977651387,66.9085626412126,2.84396929301785e-16,3.44557818192547e-15,"Stable"
"hsa-miR-28-3p",-0.545605913336446,10.5554111573279,66.4296296886804,3.6261033462708e-16,4.3102737889634e-15,"Stable"
"hsa-miR-183-5p",1.31631626582617,12.2110736814758,65.9062138224807,4.72898395828691e-16,5.45394796839442e-15,"Up"
"hsa-miR-138-5p",-1.09780591631828,5.87678134419254,65.892756593903,4.761383147011e-16,5.45394796839442e-15,"Down"
"hsa-miR-27b-3p",0.635502732808313,11.5351142671303,64.5858163180667,9.24182419117136e-16,1.03970522150678e-14,"Stable"
"hsa-miR-6842-3p",1.20769845870204,2.95079759699269,64.2017048956006,1.12311522249753e-15,1.24133787749727e-14,"Up"
"hsa-miR-224-5p",1.0262436039707,4.32052333441521,63.6831276216132,1.46130817596281e-15,1.58728301871822e-14,"Up"
"hsa-miR-3065-3p",1.52122185264252,7.44245770712059,62.5103540195419,2.650475153535e-15,2.83016838428313e-14,"Up"
"hsa-miR-138-1-3p",-1.14452896689927,3.06045480655583,62.2654335591416,3.00147442028464e-15,3.15154814129887e-14,"Down"
"hsa-miR-423-3p",0.545502560555201,7.0764429260803,61.6903509926227,4.01945163330192e-15,4.15123693275444e-14,"Stable"
"hsa-miR-503-5p",1.60075556340308,4.82661984880744,59.8919105677214,1.0021249590826e-14,1.01828826487425e-13,"Up"
"hsa-miR-153-5p",-0.857129868768975,3.8084132926796,58.5419967073677,1.98997515618006e-14,1.98997515618006e-13,"Stable"
"hsa-miR-151a-5p",0.475292070061398,6.90723240944618,57.7347558407955,2.99955684625211e-14,2.95268877052942e-13,"Stable"
"hsa-miR-181b-3p",1.11042850105891,4.8865548754055,57.238855539721,3.85969995278263e-14,3.74093995423547e-13,"Up"
"hsa-miR-16-2-3p",-0.64626867000705,3.23796171239085,56.6715771546128,5.15026143646044e-14,4.91615864389406e-13,"Stable"
"hsa-miR-135b-3p",1.1369734529195,2.22414684789577,56.3951924673952,5.92751206322481e-14,5.57363074601736e-13,"Up"
"hsa-miR-182-5p",1.11300220209674,13.7328972508099,55.7313848030407,8.30812655307527e-14,7.69723489476091e-13,"Up"
"hsa-miR-3613-5p",0.807095905318062,3.89764592565468,55.4274482045918,9.69728693780037e-14,8.85404459538295e-13,"Stable"
"hsa-miR-6730-5p",1.7979829217213,1.4348478337178,54.655036024284,1.43655725105268e-13,1.29290152594741e-12,"Up"
"hsa-miR-424-3p",1.10638242382794,3.99186451148016,54.2643876607711,1.752492750853e-13,1.5550287789259e-12,"Up"
"hsa-miR-365b-3p",-0.693842022679612,4.90789593716055,54.0806014090062,1.92431703260133e-13,1.68377740352616e-12,"Stable"
"hsa-miR-365a-3p",-0.693452410379714,4.9077896865851,54.0043839648655,2.00042775755633e-13,1.72639655789108e-12,"Stable"
"hsa-miR-508-5p",1.86144105031903,1.68918293042578,52.8953252120384,3.51805870268369e-13,2.99510403066314e-12,"Up"
"hsa-miR-153-3p",-0.845160068354203,1.87107597055365,52.6395839971238,4.00730540492386e-13,3.36613654013604e-12,"Stable"
"hsa-miR-26a-5p",-0.442036674024926,11.8444129718647,52.1830664827809,5.05602565621246e-13,4.19117916238664e-12,"Stable"
"hsa-miR-671-5p",0.844663844107539,2.76606093128236,51.7727249720297,6.23114270763772e-13,5.09820766988541e-12,"Stable"
"hsa-let-7d-3p",0.568516674843471,9.40852026786551,51.6901942275476,6.49865071053524e-13,5.24891018927846e-12,"Stable"
"hsa-miR-1307-5p",1.01004168695746,8.27349762673901,50.7300629440234,1.05983692350259e-12,8.45186407350165e-12,"Up"
"hsa-miR-193b-3p",-0.884937837908506,4.73780726844735,50.1819577510875,1.40130311982119e-12,1.10352620685919e-11,"Stable"
"hsa-miR-3074-5p",-0.909436244527522,2.88144871754114,49.6344601305058,1.85231455756409e-12,1.44068910032763e-11,"Stable"
"hsa-miR-99b-5p",0.52625602145433,15.5548066612949,49.5900787542238,1.89469428300147e-12,1.45567975401333e-11,"Stable"
"hsa-miR-141-3p",0.664995667134413,10.2301748947395,49.5178872910972,1.96571261881837e-12,1.49204692753684e-11,"Stable"
"hsa-miR-196a-5p",3.34356200720591,3.18737397141662,49.3405012072925,2.15173832638272e-12,1.61380374478704e-11,"Up"
"hsa-miR-1247-5p",-1.50554803947429,2.46905368783598,48.9263401511374,2.65757733718652e-12,1.96973379109118e-11,"Down"
"hsa-miR-20b-5p",-1.00596481241341,3.85620897695761,48.9024210137699,2.69018481523748e-12,1.97071678325536e-11,"Down"
"hsa-miR-100-5p",-0.693767330252945,13.6532824036209,48.8245213451465,2.79918172342429e-12,2.02699366179e-11,"Stable"
"hsa-let-7e-5p",0.847153519801464,11.6058010762479,48.7680099343735,2.88100813891921e-12,2.06253991763535e-11,"Stable"
"hsa-let-7e-3p",0.557075591438355,5.16638411400672,47.973804423038,4.31951823909166e-12,3.05763650632331e-11,"Stable"
"hsa-miR-215-5p",-0.706087663632838,2.42351147583279,47.2431440139911,6.27049273479986e-12,4.3893449143599e-11,"Stable"
"hsa-let-7b-3p",-0.481584240475851,4.84520517356209,47.0203955094256,7.02518254987107e-12,4.86358791914151e-11,"Stable"
"hsa-miR-450b-5p",1.08436423560923,5.99427353102974,46.557853115504,8.89530480584605e-12,6.09135003009023e-11,"Up"
"hsa-miR-29b-3p",0.645796810972735,10.7528501293857,45.5887498754342,1.45877028896726e-11,9.88199228010076e-11,"Stable"
"hsa-miR-1179",-1.50039352723939,2.99384343131781,45.2525142172666,1.73198048150337e-11,1.16079542909268e-10,"Down"
"hsa-miR-374b-5p",-0.417705513203749,6.59552133000379,44.9265753226661,2.04562709259553e-11,1.3565737561423e-10,"Stable"
"hsa-miR-184",3.47813159470433,3.26464307932034,44.0715863484934,3.16583235726487e-11,2.07757748445507e-10,"Up"
"hsa-miR-27a-5p",-1.0982712133366,4.36098024558653,43.6989652499241,3.82974213953619e-11,2.48735829681216e-10,"Down"
"hsa-miR-15b-3p",-0.525144448692266,4.71422829159445,42.8239132985669,5.98954919247446e-11,3.85042448087644e-10,"Stable"
"hsa-miR-128-1-5p",-0.480075576877708,2.97141340780142,42.6219950684285,6.64084262225067e-11,4.22599075961406e-10,"Stable"
"hsa-miR-125b-5p",0.585994865345896,12.0251222697395,42.4400412314321,7.28825679453641e-11,4.59160178055794e-10,"Stable"
"hsa-miR-150-5p",-1.24564237222434,9.29527588164101,42.2399304583802,8.07346363350729e-11,5.03592286050455e-10,"Down"
"hsa-miR-891a-5p",3.55688430585092,7.64406054925171,41.9412769513673,9.40560379525979e-11,5.80934352060164e-10,"Up"
"hsa-miR-425-5p",-0.578906617498831,6.78732255707878,40.6047841604657,1.86349846500314e-10,1.13980974073008e-09,"Stable"
"hsa-miR-1291",-1.00801148126949,1.41167676131948,40.2463338963668,2.2387506766868e-10,1.35616627530066e-09,"Down"
"hsa-miR-190a-5p",-0.769321525167299,3.41991898900658,39.7839467476452,2.8366708857802e-10,1.70200253146812e-09,"Stable"
"hsa-miR-675-3p",-1.22284855841028,3.18481442012587,39.1589872404071,3.90660843835656e-10,2.32185218506098e-09,"Down"
"hsa-miR-92b-3p",0.682264653292293,6.91933157458217,39.0995989621981,4.02726711675749e-10,2.37119465753011e-09,"Stable"
"hsa-miR-25-3p",-0.34272377905628,12.6745746687504,38.8837384856016,4.4981208337452e-10,2.6239038196847e-09,"Stable"
"hsa-miR-937-3p",1.06495095508613,1.74964260111679,38.7217528258769,4.88731945916731e-10,2.8247809718123e-09,"Up"
"hsa-miR-506-3p",1.65336159148132,1.46585302958521,38.6038789500007,5.19156437079574e-10,2.97335050327392e-09,"Up"
"hsa-miR-29a-5p",0.604309822538364,4.30725934500474,38.331824009239,5.96813822705073e-10,3.3873216964342e-09,"Stable"
"hsa-miR-345-3p",-1.0743429571595,2.03767713723051,38.0807973454442,6.78748539380869e-10,3.81796053401739e-09,"Down"
"hsa-miR-550a-3p",-0.779077151421571,1.79331503706395,38.0216283490016,6.99647314639069e-10,3.90068856834171e-09,"Stable"
"hsa-miR-152-3p",-0.672888350931447,8.7187075996121,37.428823636851,9.48105424805515e-10,5.23952997918837e-09,"Stable"
"hsa-miR-193a-3p",-0.591652699275152,3.41930127762051,36.662052033695,1.40487766124775e-09,7.69628631813984e-09,"Stable"
"hsa-miR-150-3p",-1.1563316250576,2.2713547242067,36.6047889684272,1.44675850386255e-09,7.8573953227018e-09,"Down"
"hsa-miR-33b-5p",1.10366460872527,2.29448454719678,36.5067472592669,1.52138701134282e-09,8.19208390723058e-09,"Up"
"hsa-miR-708-5p",-0.821131939300192,5.69491414954811,36.2910452886939,1.69942909822465e-09,9.07322315153837e-09,"Stable"
"hsa-miR-132-3p",0.680673147260069,6.91697319800044,36.1493124256383,1.827629540586e-09,9.67568580310234e-09,"Stable"
"hsa-miR-424-5p",0.92415052090883,8.83616950354234,35.4428831582596,2.62640272809885e-09,1.3788614322519e-08,"Stable"
"hsa-miR-744-3p",0.517332957903515,4.26618745121275,35.4033594740356,2.68024191550338e-09,1.39549785683234e-08,"Stable"
"hsa-miR-342-3p",-0.64525769163264,6.72317064645053,34.9836998428052,3.32476961755664e-09,1.71688922873826e-08,"Stable"
"hsa-miR-1251-5p",1.01037192984235,7.51902761651678,34.8841090144711,3.49925234117208e-09,1.79229997962473e-08,"Up"
"hsa-miR-139-3p",-0.717125818901831,5.26657652477773,34.4102311319502,4.46370690781246e-09,2.26785109025956e-08,"Stable"
"hsa-miR-141-5p",0.499010994605181,9.52597834348109,34.3925211878494,4.50450848349896e-09,2.27027227568348e-08,"Stable"
"hsa-miR-450a-5p",0.869901395293619,5.38890087388442,34.2957092388046,4.73424391382544e-09,2.36210927818395e-08,"Stable"
"hsa-miR-542-3p",0.89398905809429,10.2896000699075,34.2844501362689,4.76171235443432e-09,2.36210927818395e-08,"Stable"
"hsa-miR-509-3-5p",1.76719436443014,1.61028790368949,34.0981790598395,5.24002790257673e-09,2.57907623329949e-08,"Up"
"hsa-miR-199b-5p",-1.25892663816392,6.45613015611274,33.4970092328047,7.13736571844133e-09,3.48569023458763e-08,"Down"
"hsa-miR-455-5p",-0.665403273281325,4.43684177269859,33.1284350777624,8.62678543974408e-09,4.18067294387597e-08,"Stable"
"hsa-miR-106b-5p",-0.352687063021727,7.60277113719377,32.2734744983069,1.33929223741931e-08,6.44087106545163e-08,"Stable"
"hsa-miR-3934-3p",0.666274327591825,2.67656276709738,32.0772905090466,1.48159117551227e-08,7.07123061039947e-08,"Stable"
"hsa-miR-3913-5p",0.475124450250261,3.00370969276187,31.834691272804,1.6786753522491e-08,7.95162008960098e-08,"Stable"
"hsa-miR-1224-5p",1.21206057887125,1.78929801153161,31.7211366526323,1.77974669121838e-08,8.36746578707149e-08,"Up"
"hsa-miR-374a-5p",-0.351640032752504,5.5559072559969,31.5185486759909,1.97544192082249e-08,9.2187289638383e-08,"Stable"
"hsa-miR-218-5p",-0.546010153618496,7.19506366401701,31.4920906428237,2.00254295196564e-08,9.27648573337022e-08,"Stable"
"hsa-miR-132-5p",0.81376958886776,2.37065508689447,31.4158503572708,2.08273697082953e-08,9.57754957388764e-08,"Stable"
"hsa-miR-26b-3p",-0.375256029954851,5.83596933824444,30.5890339732247,3.18891055793973e-08,1.45580699384205e-07,"Stable"
"hsa-miR-30b-3p",0.62850449323965,3.42891952213734,29.6612566396209,5.14529702862092e-08,2.33204109930301e-07,"Stable"
"hsa-miR-205-5p",2.13123460716761,7.501912425952,29.6329267361351,5.22104723814196e-08,2.34947125716388e-07,"Up"
"hsa-miR-5010-3p",0.771558287309647,1.97827797801009,29.5846546843039,5.35270290853718e-08,2.39163321445278e-07,"Stable"
"hsa-miR-6843-3p",0.945490008032906,1.88673478351028,29.3679801741667,5.98585461480987e-08,2.65569606150015e-07,"Stable"
"hsa-miR-7-2-3p",-1.32070473026253,3.02500280222738,29.0316741286604,7.12045014461209e-08,3.13698153224169e-07,"Down"
"hsa-miR-200c-3p",0.500063670331256,13.8375983391275,29.0151425494145,7.181473837425e-08,3.14189480387344e-07,"Stable"
"hsa-miR-99b-3p",0.45357530992785,6.5978653570115,28.613647320792,8.83572543296025e-08,3.83897036052756e-07,"Stable"
"hsa-miR-1275",-1.02477674938277,1.68035676897652,28.3838713667827,9.94907403338371e-08,4.29309358974776e-07,"Down"
"hsa-miR-24-1-5p",0.399434608331974,4.68601123365763,28.3502880781925,1.01231738677984e-07,4.33850308619932e-07,"Stable"
"hsa-miR-497-5p",-0.55641146394361,4.56046659019438,28.3194855179361,1.0285541052722e-07,4.37830463730734e-07,"Stable"
"hsa-miR-339-3p",-0.403053513007562,4.19666687901534,28.1747104246724,1.10843437034154e-07,4.68666881419575e-07,"Stable"
"hsa-miR-3912-3p",-0.575430338607663,2.13018980735632,27.5980265488776,1.49331045446664e-07,6.27190390875988e-07,"Stable"
"hsa-miR-664b-3p",0.457111220356902,3.43374463234242,27.1415651966967,1.89088393944623e-07,7.88911842285511e-07,"Stable"
"hsa-miR-361-5p",0.287518914252454,8.29612295312543,26.9995218908141,2.03505792227346e-07,8.434779546265e-07,"Stable"
"hsa-miR-624-5p",-0.625894594385917,1.82923745285568,26.9048856296574,2.13717949728822e-07,8.80015087118678e-07,"Stable"
"hsa-miR-203a-3p",0.786818999143193,11.9927264036319,26.802998018333,2.25287559307137e-07,9.21630924438288e-07,"Stable"
"hsa-miR-1277-3p",0.777360450456107,1.84088953757155,26.2294977883791,3.0315625265229e-07,1.23218347852221e-06,"Stable"
"hsa-miR-1251-3p",0.893563856481442,2.85824454499676,25.6127930300933,4.17263830688437e-07,1.68510393162638e-06,"Stable"
"hsa-miR-23a-3p",0.335484073552468,11.7864484181324,25.5932639645002,4.21508273925609e-07,1.69140262785436e-06,"Stable"
"hsa-miR-103a-3p",0.404306052493873,14.6020591066934,25.5112137109305,4.39819200865103e-07,1.75370947180389e-06,"Stable"
"hsa-miR-3610",0.932242035243202,1.61458762086173,25.3426480072423,4.79978273298026e-07,1.90180070552048e-06,"Stable"
"hsa-let-7a-2-3p",-0.537600933383446,3.70954497546776,24.8920412869832,6.06322209178427e-07,2.38739369864006e-06,"Stable"
"hsa-miR-199a-3p",-0.73163071452171,10.4230214855593,24.7826029573713,6.41740693441446e-07,2.51115923520566e-06,"Stable"
"hsa-miR-199b-3p",-0.730964737524744,10.4192781843805,24.7069436378597,6.67432794605317e-07,2.59557197902068e-06,"Stable"
"hsa-miR-200a-5p",0.891024233238007,8.94700147290284,24.5845644454457,7.11191320736606e-07,2.74877627033167e-06,"Stable"
"hsa-miR-296-3p",0.644526257579078,2.09919841474275,24.461168676403,7.58226926936956e-07,2.91270099981879e-06,"Stable"
"hsa-miR-629-5p",0.411351660074938,6.49242952324779,23.9405660369456,9.93559637747118e-07,3.79359134412536e-06,"Stable"
"hsa-miR-30d-5p",0.371984019012803,13.9547557064915,23.8979718418146,1.0157872192863e-06,3.855096073195e-06,"Stable"
"hsa-miR-183-3p",1.26241158837475,1.26187333419113,23.835696950082,1.04918576100866e-06,3.95800616428419e-06,"Up"
"hsa-miR-598-3p",0.466727479238759,6.79299257283785,23.7630743357153,1.08952745525362e-06,4.08572795720108e-06,"Stable"
"hsa-miR-659-5p",0.638571494114134,2.04272413357054,23.5633229848609,1.20869595642528e-06,4.50578966004692e-06,"Stable"
"hsa-miR-135b-5p",0.518862659518247,7.90582834753974,23.494383719635,1.25278941759741e-06,4.64269019462568e-06,"Stable"
"hsa-miR-149-5p",0.674268484300266,4.66963896045888,23.3779661897694,1.33094342078533e-06,4.90347576078807e-06,"Stable"
"hsa-miR-3200-3p",0.590208447854838,2.77044777867696,23.3667345196037,1.33873745740179e-06,4.90351510559956e-06,"Stable"
"hsa-miR-1301-3p",0.405815047579848,3.63976663956496,23.2879203339866,1.39473227584698e-06,5.07908285424043e-06,"Stable"
"hsa-miR-483-3p",2.56553232245978,2.66822157879177,23.0039964488344,1.61664978740975e-06,5.85338716131118e-06,"Up"
"hsa-miR-200b-3p",0.860704846115943,9.9227336697828,22.8895811896305,1.71579366336688e-06,6.17685718812077e-06,"Stable"
"hsa-miR-3130-5p",-0.739374393440931,2.77702445181632,22.7434862134409,1.85130597232133e-06,6.62683387819567e-06,"Stable"
"hsa-miR-142-5p",-0.825872166719231,5.78281025887003,22.4028216827066,2.21049017788463e-06,7.86784639586055e-06,"Stable"
"hsa-miR-4728-3p",0.567412108187601,2.5958649453966,22.3805951454259,2.2362203685641e-06,7.91471254042349e-06,"Stable"
"hsa-miR-6892-5p",0.689226879636277,2.06907250394932,22.3583964012006,2.26221828413259e-06,7.96199731286889e-06,"Stable"
"hsa-miR-511-5p",0.764904586169721,3.8939687698742,21.7990906964943,3.02743578913612e-06,1.05960252619764e-05,"Stable"
"hsa-miR-99a-5p",-0.355950376794628,10.7626200458152,21.2109488509892,4.1140759240664e-06,1.43197117798996e-05,"Stable"
"hsa-miR-223-3p",-0.597598610122477,7.01876643543827,21.0523063293051,4.46914590503709e-06,1.5470120440513e-05,"Stable"
"hsa-miR-142-3p",-0.811093787134878,10.7738267121898,20.8124140348571,5.06535688203854e-06,1.74381138561983e-05,"Stable"
"hsa-miR-944",1.03902042707243,1.54206281577098,20.662063617814,5.47908770454874e-06,1.87599198579658e-05,"Up"
"hsa-miR-324-3p",0.367706758256629,4.69767769555811,20.1174789293289,7.28280598806987e-06,2.4800906878292e-05,"Stable"
"hsa-miR-204-5p",-1.0776606684875,5.92267748612242,19.8721254448126,8.27988410843141e-06,2.80447687543644e-05,"Down"
"hsa-miR-92a-1-5p",-0.483078987188189,2.04203762387525,19.8013271373141,8.59229969416266e-06,2.89473198252539e-05,"Stable"
"hsa-miR-429",0.761789368701938,6.95492599467872,19.6697171456962,9.2048578625563e-06,3.0846066241545e-05,"Stable"
"hsa-miR-340-3p",0.391154170098076,2.95995708566095,19.6146508224845,9.47399301187806e-06,3.15799767062602e-05,"Stable"
"hsa-miR-181c-5p",0.493784535982005,7.75246697132469,19.5395472352217,9.85384277663418e-06,3.26732681541028e-05,"Stable"
"hsa-miR-491-3p",0.681457739690193,1.78086939232597,19.2793177893092,1.12922957788579e-05,3.72468394800024e-05,"Stable"
"hsa-miR-503-3p",0.767041650517415,2.22812648260861,19.2096852566043,1.1711767711786e-05,3.84292378042977e-05,"Stable"
"hsa-miR-212-3p",0.669960478296764,3.03050918909383,19.0370042086449,1.28207927972036e-05,4.18502562810273e-05,"Stable"
"hsa-miR-3605-3p",0.50878637312965,2.39254879844835,19.0021818438618,1.3056906762549e-05,4.24012951567312e-05,"Stable"
"hsa-miR-877-5p",0.715777065597914,2.01027364404118,18.9444864010009,1.34577636639998e-05,4.34789287606146e-05,"Stable"
"hsa-miR-4683",-0.834509597143409,1.24536997971693,18.7486528232646,1.4912866979182e-05,4.79342152902278e-05,"Stable"
"hsa-miR-542-5p",0.597331865571806,4.02182248950792,18.6915363040678,1.53663043974678e-05,4.91409734538311e-05,"Stable"
"hsa-miR-1226-3p",0.813253241708732,1.68198813744678,18.6076154126384,1.60577806721967e-05,5.10929385024439e-05,"Stable"
"hsa-miR-223-5p",-0.645705620943113,1.89290576426008,18.5831297933837,1.62653618098184e-05,5.14933564833446e-05,"Stable"
"hsa-miR-140-5p",-0.31011320005622,5.58578176620156,18.4007652220721,1.78986087711882e-05,5.63806176292427e-05,"Stable"
"hsa-miR-639",0.798873164956987,1.58171237056021,18.3336441233747,1.85403834126713e-05,5.81116495024025e-05,"Stable"
"hsa-miR-193a-5p",-0.452352590984276,8.10326246441791,18.195137253313,1.99387267202592e-05,6.21851377909075e-05,"Stable"
"hsa-miR-6730-3p",1.10196623152957,1.23333091574685,17.9775621441067,2.2352423188849e-05,6.93695892067726e-05,"Up"
"hsa-miR-411-5p",-0.781083038052575,2.09616093546844,17.5852961031039,2.74704187902281e-05,8.48351168521749e-05,"Stable"
"hsa-miR-26b-5p",-0.309017168490778,10.4127092902043,17.4832003281986,2.89857711546178e-05,8.90782235483375e-05,"Stable"
"hsa-miR-200a-3p",0.745967836395201,8.60311122413186,17.057674281211,3.62615353842758e-05,0.000110896928602397,"Stable"
"hsa-miR-574-3p",-0.277256144231212,6.58770809234802,16.8684936934501,4.00610665759316e-05,0.000121924985231096,"Stable"
"hsa-miR-29b-1-5p",0.448443353303488,3.25418602502854,16.6444929188706,4.50810029210382e-05,0.000136543422308914,"Stable"
"hsa-miR-27a-3p",0.371050279786075,10.5614084617422,16.5239907337013,4.80383966534964e-05,0.000144804736323937,"Stable"
"hsa-let-7b-5p",-0.351553265475792,13.3148735456061,16.3476290329933,5.2722078678984e-05,0.000158166236036952,"Stable"
"hsa-miR-154-5p",-0.670543869404989,1.68927454392605,16.139650105117,5.88392154725278e-05,0.000175681069894277,"Stable"
"hsa-miR-30a-3p",-0.403235139570803,14.2794133908482,15.9329779606852,6.56252794776026e-05,0.000195018519202309,"Stable"
"hsa-miR-935",0.767545436039036,1.87762284998762,15.7430479625239,7.25540823071777e-05,0.000214596581471934,"Stable"
"hsa-miR-1247-3p",-1.0176700841911,3.87365470445206,15.5457546290576,8.05322868964952e-05,0.000237081031517719,"Down"
"hsa-miR-577",-0.750949132600043,2.86655097021413,15.5060205576824,8.22428906144374e-05,0.000240990795753933,"Stable"
"hsa-miR-188-5p",0.609231924344316,1.8813885132784,15.3810036767621,8.78672153761495e-05,0.000256279378180436,"Stable"
"hsa-miR-628-3p",-0.448876741325068,2.11898186998741,15.3203682865731,9.07329254632141e-05,0.000263418170699654,"Stable"
"hsa-miR-195-3p",-0.421193518469572,2.41102411866586,15.2111840119261,9.61323966858229e-05,0.000277799791750809,"Stable"
"hsa-miR-30a-5p",-0.334597008941383,16.1483009468656,15.202636551728,9.65684990371861e-05,0.000277799791750809,"Stable"
"hsa-miR-224-3p",0.537696507884661,2.44921013930304,15.1792767463495,9.7770528812712e-05,0.000279979241600039,"Stable"
"hsa-miR-10a-5p",-0.452262734131057,12.3817298495867,15.0379699940124,0.000105369733201042,0.000300375257541432,"Stable"
"hsa-miR-4746-5p",0.575320621203043,1.81442723846326,14.7844839334268,0.000120523102582782,0.00034202502084303,"Stable"
"hsa-miR-1287-5p",-0.324347980601207,5.06254248003292,14.7371368519821,0.000123587821031315,0.000349149449550352,"Stable"
"hsa-miR-1-3p",-0.669940819496463,4.94960867084361,14.6889455649872,0.000126787770648311,0.000356590604948376,"Stable"
"hsa-miR-30d-3p",0.322322337884744,3.73917250064805,14.6548250476131,0.000129103721593445,0.000361490420461645,"Stable"
"hsa-miR-455-3p",-0.447103102853735,6.96823092370283,14.543856384243,0.0001369344356164,0.000381719886895276,"Stable"
"hsa-miR-3170",0.599837892214482,1.73587085897065,14.4996537066808,0.000140185310312976,0.000388540574086127,"Stable"
"hsa-miR-130a-3p",-0.348617758103276,7.41630985979153,14.4938927431876,0.000140614683954979,0.000388540574086127,"Stable"
"hsa-miR-632",0.798245087669358,1.41354014947451,14.4755936864859,0.000141987344305274,0.000390620204857304,"Stable"
"hsa-miR-616-5p",0.605852975578523,2.45376072371172,14.4573558227946,0.000143368839344132,0.00039270595124697,"Stable"
"hsa-miR-5000-3p",-0.478517084606537,1.79202828660884,14.2765389645774,0.000157819722231108,0.000430417424266658,"Stable"
"hsa-miR-6820-3p",-0.652997341494492,1.3676350160522,14.1491273485885,0.000168875418945252,0.000458584111790987,"Stable"
"hsa-miR-217-5p",0.919791468264654,5.71896151456202,14.0884083348391,0.000174415347778697,0.000471595146354418,"Stable"
"hsa-miR-126-5p",-0.355854593401069,8.79643963980928,14.0354159140157,0.000179399725185803,0.000482999260115623,"Stable"
"hsa-miR-200b-5p",0.550322023850772,4.29808594707494,13.9817052621662,0.000184598111666103,0.000494880044041043,"Stable"
"hsa-miR-29a-3p",0.314552451663894,14.4058632592326,13.904013985852,0.000192387162530378,0.000513575899975162,"Stable"
"hsa-miR-592",0.640291754151325,2.81053225707767,13.7122562682551,0.000213059519801704,0.000566360748839972,"Stable"
"hsa-miR-502-3p",-0.254540303667876,3.56157570595314,13.6718378452015,0.000217694774325743,0.000576250873215202,"Stable"
"hsa-miR-22-3p",0.298881857630525,16.6556904677225,13.6315598991747,0.000222415011485067,0.000586282247847667,"Stable"
"hsa-miR-4443",0.852051489585321,1.40533275261427,13.5398329478749,0.000233553181992556,0.00061307710273046,"Stable"
"hsa-let-7i-5p",0.335151745050762,11.0455356855344,13.3459533350252,0.000258980867804122,0.000677003928284635,"Stable"
"hsa-miR-7-1-3p",0.358163659618362,4.77646692353916,13.2862268050293,0.000267363021179002,0.000696027699763517,"Stable"
"hsa-miR-3934-5p",0.51488033673834,1.91822182569917,13.2555508768687,0.000271773907310293,0.000704599018952612,"Stable"
"hsa-miR-337-3p",-0.635517710786272,3.50245664310545,13.1411912188782,0.000288874140597331,0.000745366776504244,"Stable"
"hsa-miR-625-5p",0.41755774319676,2.29219475834726,13.1347764560264,0.000289864857529428,0.000745366776504244,"Stable"
"hsa-miR-7112-3p",0.92452453358729,1.23423966424138,12.8115935058335,0.000344478044663641,0.000882199870480057,"Stable"
"hsa-miR-6514-5p",0.817691734207262,1.32824638648372,12.7682305322853,0.000352556181931294,0.000899232366869293,"Stable"
"hsa-miR-6718-5p",0.879166329188812,1.29635394707676,12.6367804536951,0.00037823080791729,0.000960828262047953,"Stable"
"hsa-miR-1270",-0.466607589227455,2.66118580301027,12.5661706132641,0.000392792623014406,0.00099381266063886,"Stable"
"hsa-miR-369-5p",-0.670287269130475,1.6435388592867,12.1745079100222,0.000484470790392308,0.00122086639178862,"Stable"
"hsa-miR-151a-3p",0.248130354444301,11.4776912853117,11.8268741647836,0.000583819207742464,0.00146536295170419,"Stable"
"hsa-miR-193b-5p",-0.514870548004798,2.23903953875133,11.7197716802438,0.000618395412729504,0.00154598853182376,"Stable"
"hsa-miR-21-3p",0.518400315313675,10.3972211699859,11.7039125614963,0.000623688190580388,0.00155305754966658,"Stable"
"hsa-miR-346",0.508703778817545,2.1315109835418,11.5749487251049,0.000668462791354993,0.00165799826202223,"Stable"
"hsa-miR-6734-5p",0.870002586236042,1.2167782518757,11.5627084313119,0.000672877670486222,0.00166240365649537,"Stable"
"hsa-miR-324-5p",0.292921612111176,5.21370094247949,11.4057880917621,0.000732156349537607,0.0018017910164402,"Stable"
"hsa-miR-2355-5p",0.26111561473224,5.25182951443197,11.2666630166815,0.000789114540610354,0.00193061638429284,"Stable"
"hsa-miR-450a-1-3p",0.826391719511566,1.31081307791444,11.2630935676337,0.000790633376424686,0.00193061638429284,"Stable"
"hsa-miR-7-5p",-1.00603049758634,4.45862824569545,11.249877031433,0.0007962829092342,0.00193690437381292,"Down"
"hsa-miR-629-3p",0.438317057938771,2.34616721204858,11.1667711950858,0.000832754286038398,0.00201782769309304,"Stable"
"hsa-miR-331-3p",0.325246529944983,5.90630527162546,11.0930243641116,0.000866530492146071,0.00209162532586983,"Stable"
"hsa-miR-7705",0.831526800895157,1.23238970083516,10.9480977783835,0.000936997600095022,0.00225308583228956,"Stable"
"hsa-miR-326",-0.446757366782229,2.91219499565607,10.8213441209714,0.00100336620189944,0.00240350078781994,"Stable"
"hsa-miR-216a-5p",0.81600839525392,1.63705319304087,10.7370557014313,0.0010501128123048,0.00250595102936373,"Stable"
"hsa-miR-29c-3p",-0.298454763267882,12.5047040776695,10.5439611500519,0.00116568322949068,0.0027712469229401,"Stable"
"hsa-miR-4742-3p",0.605286403861862,1.51613271996047,10.5324168888871,0.00117298713725856,0.00277812743034922,"Stable"
"hsa-miR-548v",0.638341386856371,1.50784269421068,10.5181019307028,0.00118210837619499,0.00278924448315671,"Stable"
"hsa-miR-452-5p",0.343081890915853,6.13947732670163,10.5081852309439,0.00118846917050333,0.00279378946797425,"Stable"
"hsa-miR-3651",-0.568894092728107,1.60884706692766,10.4797965496033,0.00120687045822507,0.00282649958617767,"Stable"
"hsa-miR-484",-0.26837657483703,5.72559814101931,10.3578742144028,0.00128923578116165,0.00300821682271052,"Stable"
"hsa-miR-186-5p",-0.184303319710767,8.23662744375762,10.2340646672519,0.00137870507253611,0.00320510773320203,"Stable"
"hsa-miR-194-3p",-0.344177051286889,2.09892360991515,10.1719208823283,0.0014259563598712,0.00329549734631732,"Stable"
"hsa-miR-212-5p",0.779256817478528,1.2523942386386,10.169217316351,0.00142804885007084,0.00329549734631732,"Stable"
"hsa-miR-214-5p",-0.488419903784619,3.8660023184798,10.1615837164863,0.0014339738569363,0.00329709317470754,"Stable"
"hsa-miR-671-3p",0.362024338975244,2.7140446970853,10.1267946121215,0.0014612931004883,0.00334768964839139,"Stable"
"hsa-miR-133a-3p",-0.562294624428349,4.9092480256495,10.083555122498,0.00149598421456969,0.00341474657673516,"Stable"
"hsa-miR-5684",0.54536605930027,1.60752078422339,10.0214745412226,0.00154725548044351,0.00351902871003398,"Stable"
"hsa-miR-379-5p",-0.637782405258628,7.64154655190985,9.90774434024627,0.0016458471700946,0.00372979754373955,"Stable"
"hsa-miR-362-5p",0.52684059237816,3.60903740729468,9.72314603711789,0.00181961776350241,0.00410881430468287,"Stable"
"hsa-miR-765",0.788196998573389,1.21758991649901,9.69201203689158,0.00185070777956613,0.00416409250402378,"Stable"
"hsa-miR-769-5p",0.190611421797426,4.1204846811326,9.65807607773547,0.00188520952364272,0.00422662633414561,"Stable"
"hsa-miR-4662a-5p",-0.330001468192135,3.31295631919127,9.63942400798851,0.0019044494793999,0.00425442500997904,"Stable"
"hsa-miR-30c-2-3p",-0.335923967815772,7.51428095153684,9.63248939125845,0.00191165331789071,0.00425442500997904,"Stable"
"hsa-miR-139-5p",-0.40225455067727,7.18565258704477,9.6265284231431,0.00191786778227627,0.00425442500997904,"Stable"
"hsa-miR-4677-3p",0.252885243839834,3.53131661203048,9.61217212075815,0.0019329187900027,0.00427276785158491,"Stable"
"hsa-miR-192-3p",-0.296784042306887,2.33223420172154,9.56432798191514,0.00198394812882594,0.00437023538867253,"Stable"
"hsa-miR-1976",-0.251339222499378,4.29898954298002,9.50339415511371,0.00205092168476961,0.00447962430489418,"Stable"
"hsa-miR-2355-3p",0.391300455511852,2.24353299146667,9.50197600218928,0.00205250741069677,0.00447962430489418,"Stable"
"hsa-miR-16-5p",-0.181962714637826,9.38520532431409,9.4998037365383,0.00205493876843558,0.00447962430489418,"Stable"
"hsa-miR-3652",-0.606016436066743,1.26178420971923,9.37317341935244,0.00220184000433824,0.00478330759563134,"Stable"
"hsa-miR-584-5p",-0.293077077277649,6.21617236986504,9.14295754571867,0.00249677190368191,0.00540538247188867,"Stable"
"hsa-let-7c-5p",-0.268960318763571,12.3848084115726,9.09140300757952,0.00256813788604406,0.00554084543906766,"Stable"
"hsa-miR-548j-5p",-0.586282669123929,1.26787512820226,8.94856059364884,0.00277688305119424,0.00597077243089546,"Stable"
"hsa-miR-708-3p",-0.417205714735667,7.13680748118596,8.89469873688824,0.00285999789343569,0.00612856691450504,"Stable"
"hsa-miR-23c",0.804889095145795,1.33268777346508,8.81033984729083,0.00299528239281806,0.00639670477110297,"Stable"
"hsa-miR-145-5p",-0.328675045098301,10.7835145364832,8.74933508403365,0.00309714960441259,0.0065919062526349,"Stable"
"hsa-miR-582-3p",-0.324532486371723,5.94976666964695,8.68520032897811,0.00320804315657827,0.00680494002910543,"Stable"
"hsa-miR-4521",-0.575341491211487,1.26404020958162,8.52665466857462,0.00349982409269287,0.00739895697448492,"Stable"
"hsa-miR-504-5p",-0.503970890945791,1.4666864865995,8.36034108735402,0.00383498575952507,0.00808040477759462,"Stable"
"hsa-miR-3199",-0.432494957047771,1.57083285594349,8.25053815405201,0.00407399211231445,0.00855538343586034,"Stable"
"hsa-miR-103a-2-5p",0.430344886293862,1.93747467464854,8.1484142068648,0.00430988332739804,0.00902068603408892,"Stable"
"hsa-miR-6875-5p",0.692666147244562,1.24500191264852,8.1418751141313,0.00432545311616775,0.00902329623571418,"Stable"
"hsa-miR-499a-5p",-0.4801620489715,1.41561892790342,7.86601244299948,0.00503726137826987,0.0104735137567987,"Stable"
"hsa-miR-92a-3p",0.192970240350779,13.1143084699319,7.82428355965999,0.00515488763723584,0.0106828263534822,"Stable"
"hsa-miR-501-3p",0.307827450833167,4.95875010116275,7.74068957696204,0.00539901795081723,0.0111280054212276,"Stable"
"hsa-miR-328-3p",0.284955100147165,7.2742760836672,7.73867950217277,0.00540503120459629,0.0111280054212276,"Stable"
"hsa-miR-148b-3p",-0.188665556691057,8.30514967517855,7.67926700785858,0.00558588524959929,0.0114628915545523,"Stable"
"hsa-miR-3615",-0.307141079879612,2.37631977903064,7.67084232248646,0.00561202530443175,0.0114791426681558,"Stable"
"hsa-miR-3157-3p",-0.589057379051661,1.18967119308512,7.57962303648443,0.00590317839474487,0.0120200970463187,"Stable"
"hsa-miR-34b-3p",-0.47513141431811,1.49791062540643,7.57612328598066,0.00591465092755364,0.0120200970463187,"Stable"
"hsa-miR-381-3p",-0.507067624139404,3.94922876944336,7.4483281426119,0.00634953999546731,0.0128624122094675,"Stable"
"hsa-miR-1249-3p",-0.405983167307261,1.58351674725657,7.38322964764325,0.00658348409096394,0.0132935736452156,"Stable"
"hsa-miR-483-5p",1.13087792104523,1.8237166504619,7.36220057709431,0.00666092212631733,0.0134069678580828,"Up"
"hsa-miR-3690",0.623166600088127,1.35905511101904,7.32457158714374,0.00680181756231791,0.0136469588033767,"Stable"
"hsa-miR-331-5p",-0.217371735715841,2.70082412590692,7.20564394424224,0.0072674668833969,0.0145349337667938,"Stable"
"hsa-miR-6806-3p",-0.335562021648011,1.84199191614799,7.1877888027376,0.00734013785902682,0.0146338191493256,"Stable"
"hsa-miR-1228-3p",0.675918555422641,1.20310051828837,7.15814774154308,0.0074624217935375,0.0148264966562461,"Stable"
"hsa-miR-301a-5p",0.317016073968032,2.55028481396094,7.15300463434846,0.00748385069315278,0.0148264966562461,"Stable"
"hsa-miR-33a-5p",0.369865070442292,4.16568376487229,7.12299260569421,0.00761015726228979,0.0150294641857134,"Stable"
"hsa-miR-6720-3p",-0.537559634334032,1.2343124559251,6.84134093707746,0.00890719528898597,0.0175360407251911,"Stable"
"hsa-miR-345-5p",-0.426339294174653,6.44748668420182,6.82796274218572,0.00897415671515311,0.0176128309362818,"Stable"
"hsa-miR-1229-3p",0.626047343116527,1.27848843344528,6.81747769199995,0.00902699729837505,0.0176615164533425,"Stable"
"hsa-miR-370-5p",-0.439844775628513,1.60882829820688,6.73009578019355,0.0094799509313226,0.018490306770072,"Stable"
"hsa-miR-7706",0.393970148360874,1.73950245581337,6.70707509796188,0.00960311111075499,0.0186727160486903,"Stable"
"hsa-miR-4668-3p",0.42011791398296,1.65380547212683,6.64355104849972,0.0099515379160242,0.0192596487549344,"Stable"
"hsa-miR-125a-3p",0.26545559971871,3.24237931701726,6.6409452856492,0.00996610395890257,0.0192596487549344,"Stable"
"hsa-miR-30c-5p",-0.239480055688471,10.4522183440427,6.60390175843474,0.0101755544744417,0.0196042792626858,"Stable"
"hsa-miR-576-5p",-0.206592258131462,3.52981157435724,6.56397545734023,0.0104063631107738,0.019987831584718,"Stable"
"hsa-miR-548b-3p",-0.31524291993958,2.15409549248657,6.42249799220593,0.0112683549544232,0.0215262123128384,"Stable"
"hsa-miR-409-3p",0.50954196742199,2.75058501961799,6.42135099843097,0.0112756350210106,0.0215262123128384,"Stable"
"hsa-miR-2116-3p",0.589659044535706,1.26038463985658,6.26757150603245,0.0122967567806943,0.0234047032381796,"Stable"
"hsa-miR-616-3p",0.418794599816362,1.70187893832191,6.2371978361532,0.0125094248251442,0.0237377639754241,"Stable"
"hsa-miR-590-5p",0.192813399000316,3.85720236014356,6.16130742671294,0.0130574659933069,0.0247033140413914,"Stable"
"hsa-miR-561-5p",-0.521686575194499,1.21434348947543,6.13508687742103,0.0132525035640464,0.0249972372615246,"Stable"
"hsa-miR-4772-3p",-0.360913608896636,2.21683397230076,6.03987887680523,0.0139862437779598,0.0263024882988498,"Stable"
"hsa-miR-93-5p",0.21715862797585,11.6658739683504,5.96019457679824,0.014632426208551,0.0274357991410332,"Stable"
"hsa-miR-4797-3p",0.485436949012298,1.39884830199455,5.72938233180599,0.0166833495841839,0.0311884576796316,"Stable"
"hsa-miR-30e-3p",-0.219232101398693,13.3129491750166,5.67991579459499,0.0171601913367174,0.0319849720181419,"Stable"
"hsa-miR-126-3p",-0.243279382391768,12.5989964348753,5.50772350081161,0.0189326739643506,0.0351846153319789,"Stable"
"hsa-miR-4661-5p",0.266907817655629,2.21425562915783,5.31126396396695,0.0211879789393186,0.0392600786228551,"Stable"
"hsa-miR-338-3p",0.326514255372616,9.25384868326465,5.1999359932189,0.0225877198839291,0.0417309780846785,"Stable"
"hsa-miR-320b",-0.211417071647935,2.63586704222239,5.02442316145914,0.0249922491270859,0.0460383536551582,"Stable"
"hsa-miR-136-3p",-0.417984561051483,2.61098659221386,5.0177695009171,0.0250884667267196,0.0460808572531584,"Stable"
"hsa-miR-589-5p",0.160023251601306,5.86890919940953,4.93489119895514,0.026319719522814,0.0482018119167814,"Stable"
"hsa-miR-605-5p",-0.415572476641928,1.32711225394521,4.9045658439444,0.026785784300585,0.0489131713315031,"Stable"
"hsa-miR-199a-5p",-0.340429745611924,9.07203925426715,4.68448494314407,0.0304361867299575,0.055418490288651,"Stable"
"hsa-miR-4442",0.510868492546805,1.24197554671153,4.66037196391397,0.0308665040022679,0.0560400504940311,"Stable"
"hsa-miR-191-5p",0.155402260610783,9.33616369106237,4.61458562447081,0.0317011536085106,0.057390019463683,"Stable"
"hsa-miR-3127-5p",-0.205327236672835,2.57229459962315,4.5818623781031,0.0323120778655305,0.0583283927085507,"Stable"
"hsa-miR-196b-5p",0.57328306520933,4.59318675515934,4.57655505136313,0.032412314928973,0.0583421668721514,"Stable"
"hsa-miR-4660",0.47917643153089,1.29226954623569,4.56089025650203,0.0327100661951406,0.0587103752220471,"Stable"
"hsa-miR-140-3p",-0.168261715258517,10.3385785059848,4.52769336615734,0.0333505406885349,0.0596898881641392,"Stable"
"hsa-miR-412-5p",0.551328379594637,1.73801462505278,4.45539472533164,0.0347911746967201,0.0620918981839481,"Stable"
"hsa-miR-425-3p",0.166937878236702,3.37333571287009,4.42970828406442,0.0353185438813108,0.0628550357209769,"Stable"
"hsa-let-7c-3p",-0.243623378523916,4.95832792871299,4.38932211944677,0.0361646894000579,0.0641795896395394,"Stable"
"hsa-miR-188-3p",0.332598306968864,1.72291250294737,4.36824586859296,0.0366146650808129,0.0647956151711014,"Stable"
"hsa-miR-6733-3p",0.44403022292429,1.3307703882948,4.25788375266117,0.0390685630660768,0.0689445230577826,"Stable"
"hsa-miR-330-5p",0.172044334946769,4.46879122572856,4.24911573179804,0.0392707733646827,0.0690927549350174,"Stable"
"hsa-miR-130a-5p",-0.24752513196141,2.01971603664872,4.24123275437518,0.0394535098107785,0.0690927549350174,"Stable"
"hsa-miR-3926",-0.305257188142954,1.61671788227439,4.24002549015489,0.0394815742485814,0.0690927549350174,"Stable"
"hsa-miR-5698",0.532604032043157,1.80725214935809,4.20892594268992,0.0402117907830057,0.0701757013664642,"Stable"
"hsa-miR-98-3p",0.26709975911057,1.96059565630413,4.08174493486672,0.0433488707332093,0.0754414048671875,"Stable"
"hsa-miR-5703",-0.418206009971723,1.23930113508367,4.06952291913984,0.0436636048240858,0.075779810025273,"Stable"
"hsa-miR-3922-3p",0.460609746599498,1.26858492841222,4.04980275701956,0.0441765062724407,0.0764593377792242,"Stable"
"hsa-miR-107",0.138565222325203,6.61682330353099,3.96444119211333,0.0464709438513082,0.0802101222639019,"Stable"
"hsa-miR-22-5p",0.171324775314213,4.8667950575856,3.90019882532818,0.0482803935731021,0.083105595494684,"Stable"
"hsa-miR-939-5p",0.400469315067707,1.38068112586317,3.88771446254555,0.0486405740389332,0.0832709673807532,"Stable"
"hsa-miR-4772-5p",-0.421434644968145,1.21452171398169,3.8877060036632,0.0486408190414558,0.0832709673807532,"Stable"
"hsa-miR-493-3p",0.394555768546014,1.72876749038443,3.84886595031458,0.049779638006552,0.0849896258648449,"Stable"
"hsa-miR-135a-5p",0.258898271794047,9.46037732300136,3.82590735482108,0.0504660166955237,0.0859286230221079,"Stable"
"hsa-miR-942-3p",-0.435892606489377,1.16643360618731,3.75137403554399,0.0527641202523822,0.0895994494851772,"Stable"
"hsa-miR-454-3p",-0.15434018392829,3.24605943226148,3.7385352534094,0.053171036797795,0.0900477236091689,"Stable"
"hsa-miR-655-3p",-0.356438627216438,1.36439546389307,3.70549704232405,0.0542335163638191,0.091421700699359,"Stable"
"hsa-miR-26a-2-3p",0.24558834814852,2.71041953859621,3.70429590172188,0.0542725651770798,0.091421700699359,"Stable"
"hsa-miR-125b-1-3p",0.214098594814922,2.92946664114966,3.46630459779294,0.0626310836247885,0.105220220489645,"Stable"
"hsa-miR-106b-3p",-0.134102296006363,7.80063525196554,3.45264291546232,0.0631507152694711,0.105811038882359,"Stable"
"hsa-miR-887-3p",-0.222849710119634,2.54243716056306,3.43943614836951,0.0636574141291403,0.106377111144187,"Stable"
"hsa-miR-185-3p",0.244594749858386,3.3896289542152,3.42684717461384,0.0641444473766274,0.106907412294379,"Stable"
"hsa-miR-5581-3p",0.472842099351642,1.15583972033973,3.39460046981077,0.0654102078764002,0.108729369293225,"Stable"
"hsa-miR-664b-5p",0.344478956832431,1.46169708191298,3.369825519926,0.066400787295078,0.110085515778682,"Stable"
"hsa-miR-449a",0.442659924129837,1.22623516041346,3.35622624588802,0.066951329287993,0.110706922444713,"Stable"
"hsa-miR-29b-2-5p",0.211564793663192,6.42791460639036,3.33998460573901,0.067615241653336,0.111512047752884,"Stable"
"hsa-miR-3136-5p",-0.38951263762851,1.21041475116117,3.28972543342036,0.0697146791467917,0.114674276403339,"Stable"
"hsa-miR-1271-5p",-0.175440045250598,2.32115101972353,3.24316875344505,0.0717217968744819,0.117668572997197,"Stable"
"hsa-miR-133b",-0.416914712199356,2.54006200889572,3.21607591535292,0.0729182383243441,0.119320753621654,"Stable"
"hsa-miR-100-3p",-0.334929269285956,1.3476160439432,3.20702214365878,0.0733228179656698,0.119671956783347,"Stable"
"hsa-miR-653-5p",0.244094241467817,3.59816724078627,3.14446050316963,0.0761851913971049,0.124022404599938,"Stable"
"hsa-miR-2114-5p",0.437693611117276,1.44756698722115,3.13919378834919,0.0764315795786267,0.124102822511688,"Stable"
"hsa-miR-3917",-0.302380398295664,1.65149902626513,3.13411706206142,0.0766698908391351,0.124169746089088,"Stable"
"hsa-miR-1468-5p",0.179074394976089,4.12406359761756,3.11686706690716,0.077485628447872,0.125078457876002,"Stable"
"hsa-miR-550a-3-5p",-0.336069688386289,1.32389893698575,3.11387520547214,0.077628058777011,0.125078457876002,"Stable"
"hsa-miR-6874-3p",0.384837074238294,1.30199592387324,3.09679904509733,0.0784463975021236,0.125906743718665,"Stable"
"hsa-miR-18a-3p",-0.326393133588394,1.3495448059048,3.0948202495554,0.0785418258435482,0.125906743718665,"Stable"
"hsa-miR-5091",-0.318155767106516,1.76163113219001,3.00602060337894,0.082955717156066,0.132644928447517,"Stable"
"hsa-miR-335-5p",-0.169662632119593,4.12200838223549,2.99063668006772,0.0837472353562313,0.133571539935255,"Stable"
"hsa-miR-500a-5p",-0.163025053788409,2.59762772855877,2.93752578269925,0.0865432041626016,0.137682370258684,"Stable"
"hsa-miR-500b-5p",-0.161788843986094,2.59751922274232,2.89334554502375,0.0889460481653953,0.141148640665489,"Stable"
"hsa-miR-582-5p",-0.205378256275349,2.52007193505712,2.8653180529754,0.0905078171692321,0.143266142755317,"Stable"
"hsa-let-7a-3p",0.130300076424839,5.18745944201469,2.85720302168318,0.0909655450283673,0.143629807939527,"Stable"
"hsa-miR-1288-3p",0.357758370544692,1.31910904412671,2.78494433981129,0.0951539994247536,0.149867549093987,"Stable"
"hsa-miR-654-3p",-0.335818824813941,3.48210053068226,2.77822674350648,0.0955539115400235,0.149957967617687,"Stable"
"hsa-miR-2277-5p",0.332486939946718,1.38774352204323,2.77599017061453,0.0956874650512862,0.149957967617687,"Stable"
"hsa-miR-23b-5p",0.208270760618661,1.98263086458609,2.75569642272467,0.0969086100677371,0.151494849485544,"Stable"
"hsa-miR-5586-5p",0.272896509763932,2.13490820474555,2.73374240759222,0.0982488156952641,0.153209786851526,"Stable"
"hsa-miR-4444",0.243100066761947,1.74405107364624,2.70553200028928,0.100000718179566,0.155556672723769,"Stable"
"hsa-miR-130b-3p",-0.249947999660416,3.59236149824541,2.68380850420658,0.101373025445053,0.157302970518186,"Stable"
"hsa-miR-3613-3p",0.315693187732467,1.41666574693791,2.66876087987518,0.102335670608627,0.158406566298367,"Stable"
"hsa-miR-539-5p",0.341779652696004,1.83748827099678,2.64607087057198,0.103806185826501,0.160288963408568,"Stable"
"hsa-miR-493-5p",0.338984726460827,2.19344814836698,2.60556144340751,0.106489438584109,0.164030186572099,"Stable"
"hsa-miR-145-3p",-0.167211313553098,5.40439414576258,2.59786235945614,0.107007958630533,0.164426863261551,"Stable"
"hsa-let-7d-5p",0.0887922049968834,8.74171188803689,2.5864918066469,0.107778820400155,0.165208410832354,"Stable"
"hsa-miR-1292-5p",0.334911530105431,1.34144890129488,2.57340776707713,0.10867340008987,0.166175344797617,"Stable"
"hsa-miR-376c-3p",-0.287490361727612,1.82794379115958,2.55230846260167,0.110133232026025,0.167999845463427,"Stable"
"hsa-miR-342-5p",-0.15784487056572,3.18160961947975,2.53903190442378,0.11106286396699,0.169008706036724,"Stable"
"hsa-miR-127-5p",0.351214909762585,6.07027645338985,2.51358420197062,0.112868961889917,0.171158087161344,"Stable"
"hsa-miR-301a-3p",0.163756964228524,3.62091813510603,2.51149494119829,0.113018673427173,0.171158087161344,"Stable"
"hsa-miR-3677-5p",0.26862799069473,1.56217995654391,2.50075078293457,0.113792038950046,0.171861937806518,"Stable"
"hsa-miR-93-3p",0.144735642478741,3.5265570304555,2.49747441026778,0.114029031750991,0.171861937806518,"Stable"
"hsa-miR-339-5p",-0.159189582537843,5.22244227370544,2.46176088725224,0.116647947388076,0.175121128927402,"Stable"
"hsa-miR-219b-3p",0.401843154870308,1.14921001382209,2.46042190940057,0.116747419284934,0.175121128927402,"Stable"
"hsa-miR-23a-5p",-0.246755506746545,2.538713255326,2.45310892626378,0.117292352800664,0.175520622955863,"Stable"
"hsa-miR-4423-5p",0.340121023643514,1.29941683504286,2.44451444528875,0.117936373904486,0.176066150615702,"Stable"
"hsa-miR-323b-3p",0.356217925822879,1.46680636040516,2.41917402123801,0.119858113636153,0.178512084138951,"Stable"
"hsa-miR-152-5p",-0.268373827448099,1.43669284810959,2.40310932284262,0.121094349260509,0.179927924608776,"Stable"
"hsa-miR-330-3p",-0.179166192006756,2.59534019754922,2.38245134583815,0.122704866389408,0.181891919589004,"Stable"
"hsa-miR-203a-5p",0.354187403326821,1.24628571360842,2.34833544647631,0.125416862680833,0.185351340401566,"Stable"
"hsa-miR-10b-5p",-0.182007425119362,14.3520461006097,2.34572602518199,0.125627019605506,0.185351340401566,"Stable"
"hsa-miR-6715a-3p",0.518803281590606,3.05732401437272,2.2861103202406,0.130536695906677,0.192145136498146,"Stable"
"hsa-miR-218-1-3p",-0.211641064175534,1.94174965931081,2.27142794434405,0.131778434574239,0.193520778046085,"Stable"
"hsa-miR-19b-3p",-0.134512793806161,7.16343509146867,2.21178196536118,0.13696038711219,0.200662892745767,"Stable"
"hsa-miR-378a-3p",0.150929839507187,7.79201040270288,2.20760013736071,0.137332163957357,0.200740750100081,"Stable"
"hsa-miR-4791",-0.270700107110976,1.36975249673625,2.1566381092689,0.141954976838124,0.207017674555598,"Stable"
"hsa-miR-4999-5p",0.187069126387519,2.02663910919799,2.12772915570417,0.144654919901679,0.210467897316531,"Stable"
"hsa-miR-29c-5p",0.122570673823665,6.02996234552086,2.12412923100351,0.144995163199092,0.210476849805133,"Stable"
"hsa-miR-758-5p",-0.300364467524954,2.12674991938065,2.08623809680705,0.148631674267649,0.215259666180733,"Stable"
"hsa-miR-3913-3p",0.354900289474246,1.18437307025678,2.07597067293071,0.149634717877768,0.216215303355491,"Stable"
"hsa-miR-3173-5p",-0.314258544466847,1.19512523031273,2.02892513008393,0.154329722028952,0.222489072947916,"Stable"
"hsa-miR-143-3p",-0.191973223897346,16.393734260541,2.01051143264317,0.156212649532182,0.224689427409303,"Stable"
"hsa-miR-6716-3p",0.254652627949749,1.48482205322327,1.98916672091215,0.158428033278536,0.227356858691294,"Stable"
"hsa-miR-5187-5p",0.281182966913256,1.37933237839497,1.97973948363989,0.159417854319127,0.228196642537077,"Stable"
"hsa-miR-361-3p",-0.110485687268128,7.99143284222693,1.97396146463916,0.160028001929108,0.228196642537077,"Stable"
"hsa-miR-369-3p",0.266149049014792,1.82208903417662,1.97201330169764,0.160234323421597,0.228196642537077,"Stable"
"hsa-miR-589-3p",0.188654001314141,1.8725413877674,1.96986602321647,0.160462083561786,0.228196642537077,"Stable"
"hsa-miR-134-5p",-0.281359304497901,6.06890260017323,1.95065850046069,0.162515908702866,0.230217776440814,"Stable"
"hsa-miR-20a-5p",0.15176813157287,8.00714010867988,1.94974674779098,0.162614143676448,0.230217776440814,"Stable"
"hsa-miR-579-5p",-0.299524438019914,1.21384919308587,1.91045651252244,0.166912557331346,0.235773343315578,"Stable"
"hsa-miR-26a-1-3p",-0.231836049706436,1.47362636195029,1.90070156110698,0.167999813050997,0.236778260004761,"Stable"
"hsa-miR-362-3p",-0.150841248368981,2.1150016939741,1.89006256260501,0.169194865387165,0.237930279450701,"Stable"
"hsa-miR-454-5p",-0.26554208267842,1.30601706286132,1.82187478277558,0.177090278205835,0.248478564075003,"Stable"
"hsa-miR-660-5p",-0.140794747145624,5.9721108336475,1.80906263343513,0.178620716732159,0.250069003425023,"Stable"
"hsa-miR-3622a-3p",0.252600162471902,1.58289710118968,1.7551326892679,0.185232780760405,0.25875089108438,"Stable"
"hsa-miR-125b-2-3p",0.130177710006435,5.73845074157932,1.72318655404024,0.189283381725947,0.263824182494129,"Stable"
"hsa-miR-340-5p",0.154089224894886,4.09960383846796,1.69019598441685,0.19357513612931,0.26921045421957,"Stable"
"hsa-miR-4677-5p",0.302769489554222,1.227297367398,1.67337744788779,0.195806763211266,0.271714230887881,"Stable"
"hsa-miR-95-3p",-0.128437525390602,4.15995721682381,1.66381513123724,0.19708899879428,0.272892459869003,"Stable"
"hsa-miR-6798-3p",0.306032975288243,1.1930598720178,1.60665247527677,0.204963000009068,0.283172565802002,"Stable"
"hsa-miR-6516-5p",0.292377888122388,1.23197053408437,1.58214475354131,0.208452029373227,0.287362753840553,"Stable"
"hsa-let-7g-5p",-0.11753533931399,10.1538301507856,1.57811945607705,0.209031778728347,0.287532796067377,"Stable"
"hsa-miR-6808-3p",0.258633304178658,1.33814596286981,1.57019305492389,0.210178979672837,0.288480952492129,"Stable"
"hsa-miR-3193",-0.205167034072189,1.50761443725106,1.55876426660342,0.211846247150402,0.290137251532072,"Stable"
"hsa-miR-10a-3p",-0.247475017494823,1.29786420084383,1.53535605167161,0.21531037336264,0.29424194190556,"Stable"
"hsa-miR-409-5p",-0.216128540995904,2.32827783679373,1.50437062362244,0.220000092845627,0.300000126607674,"Stable"
"hsa-miR-338-5p",0.16039190729151,3.30800159486026,1.49874056359079,0.220865248507463,0.30052938781793,"Stable"
"hsa-miR-581",0.274496490212839,1.25885550679231,1.48795485967588,0.222534046209882,0.302147519638417,"Stable"
"hsa-miR-301b-3p",0.275616142284349,1.4927411916687,1.47447930857879,0.22464028737094,0.303864513488333,"Stable"
"hsa-miR-6514-3p",0.278948223516673,1.23789065147786,1.47369712718773,0.224763275056449,0.303864513488333,"Stable"
"hsa-miR-585-3p",0.198042580075526,1.94815286100244,1.4601515069171,0.226906015956828,0.306104475487797,"Stable"
"hsa-miR-30b-5p",-0.0861013468655179,9.5640520860589,1.41360275631075,0.234459234752497,0.315009113681737,"Stable"
"hsa-miR-1306-5p",0.11001312086038,3.60139511191162,1.41331547345771,0.234506784629737,0.315009113681737,"Stable"
"hsa-miR-410-3p",0.244113229166749,2.52669690615953,1.39981971872578,0.236753757924996,0.317185866740483,"Stable"
"hsa-miR-585-5p",-0.198901560837072,1.48041203593684,1.39755009488039,0.237134195610742,0.317185866740483,"Stable"
"hsa-miR-491-5p",-0.101538425178147,3.31861700034333,1.37611787606602,0.240763522656415,0.320770509888294,"Stable"
"hsa-let-7i-3p",-0.115058589589643,8.89935046625188,1.37292303046786,0.241310300866987,0.320770509888294,"Stable"
"hsa-miR-365b-5p",-0.262939550766179,1.18937583479765,1.37274028827119,0.241341621725479,0.320770509888294,"Stable"
"hsa-miR-4473",-0.20167693487299,1.43802896962709,1.34473480358213,0.246200698919301,0.326299222639959,"Stable"
"hsa-miR-495-3p",-0.190271260958838,1.96251723547054,1.34282043616656,0.24653719043908,0.326299222639959,"Stable"
"hsa-miR-500a-3p",0.113063543596687,7.6046612982707,1.30596422660471,0.253126656141375,0.334318225092382,"Stable"
"hsa-miR-5001-5p",0.26617018082632,1.18887009129014,1.21314901017601,0.270709364034344,0.356792676446939,"Stable"
"hsa-miR-4781-3p",-0.251075795072791,1.17737772989049,1.21001202170717,0.271329741037581,0.356863751260284,"Stable"
"hsa-miR-500b-3p",0.186769454975323,1.53799378928326,1.19263495613637,0.274798698067693,0.360673291213847,"Stable"
"hsa-miR-769-3p",0.144600497126357,1.85260331853084,1.1601236500189,0.281439897985752,0.368621903806702,"Stable"
"hsa-miR-3682-3p",-0.204357912483431,1.34129846423957,1.13335187865849,0.287061504827968,0.375204871455643,"Stable"
"hsa-miR-20b-3p",-0.2254300882939,1.28471279684088,1.12668586156036,0.288483356164051,0.376282638474849,"Stable"
"hsa-miR-532-5p",-0.0833997160176604,9.77700791089623,1.1034910081795,0.293501248470781,0.382036749042546,"Stable"
"hsa-miR-940",-0.135179326946675,1.97531740097065,1.09823178846023,0.294654480527511,0.382747057180066,"Stable"
"hsa-miR-1304-5p",-0.223070961360312,1.20422594378967,1.00508626499334,0.316082902603561,0.409737095967579,"Stable"
"hsa-miR-628-5p",-0.0795902553928357,4.37211589605953,0.993534818634316,0.318879965906441,0.41126304617482,"Stable"
"hsa-miR-299-5p",-0.198243921623489,1.48226160182958,0.992609008417958,0.319105545018366,0.41126304617482,"Stable"
"hsa-miR-32-5p",-0.0828971039317703,6.2017962765636,0.991314870312749,0.319421220923196,0.41126304617482,"Stable"
"hsa-miR-32-3p",0.140787112726516,1.77453762155664,0.989472811370717,0.319871258135971,0.41126304617482,"Stable"
"hsa-miR-1287-3p",0.115981599981286,3.60530440335936,0.976192087519962,0.323140730071942,0.414620488687013,"Stable"
"hsa-miR-1262",-0.183159166450059,1.37670647119926,0.966607597329784,0.325527694052318,0.416834242384065,"Stable"
"hsa-miR-660-3p",-0.200708778200914,1.26008765471945,0.925252747857456,0.336099541446994,0.429115687976199,"Stable"
"hsa-miR-4685-3p",-0.219902579857176,1.17532289438202,0.923792353807301,0.336481190254353,0.429115687976199,"Stable"
"hsa-miR-148a-5p",-0.136037263360715,5.82747502729458,0.917986420451598,0.338004228508973,0.430187199920511,"Stable"
"hsa-miR-1266-5p",0.104629327575415,4.05863194899864,0.912558969284532,0.339436359353798,0.43113892417922,"Stable"
"hsa-miR-874-5p",-0.13998066642123,2.39251414174233,0.90060771714252,0.342618812113558,0.434305536481975,"Stable"
"hsa-miR-452-3p",0.104346898930727,2.2469316391558,0.87587937402003,0.349332774956944,0.441927004463604,"Stable"
"hsa-miR-4536-3p",-0.187083646380461,1.30140070336456,0.871186695546356,0.350626990552656,0.442675358813975,"Stable"
"hsa-miR-570-3p",-0.200601577410105,1.20877084922256,0.824616270846775,0.363833924655042,0.458430745065354,"Stable"
"hsa-miR-664a-3p",0.0777390062949985,6.29899265122666,0.813928661051136,0.366961284155939,0.461448321393695,"Stable"
"hsa-miR-501-5p",-0.0969233408955486,2.14011098862033,0.781360805407019,0.376725279998008,0.472782721909851,"Stable"
"hsa-miR-532-3p",-0.0793049731854145,5.58638081980637,0.773097286208667,0.379260584281801,0.475018226834064,"Stable"
"hsa-miR-6868-3p",0.177511167243662,1.32414995953183,0.733588775929775,0.391722394146796,0.489652992683495,"Stable"
"hsa-miR-3614-3p",-0.180731921554177,1.24086053190027,0.707972620046405,0.400117675576279,0.498287211352518,"Stable"
"hsa-miR-431-3p",0.173083566417248,1.93561157084163,0.707690333128994,0.400211633245039,0.498287211352518,"Stable"
"hsa-miR-580-3p",-0.189128278782121,1.18770993310403,0.693160855866978,0.405091332862299,0.503367928408774,"Stable"
"hsa-miR-136-5p",-0.169340908961153,3.48508303203425,0.688377338250916,0.406716857078718,0.504392952676363,"Stable"
"hsa-miR-766-3p",-0.100512713915395,3.01088722165509,0.679920231915844,0.409614193322836,0.506988097825906,"Stable"
"hsa-miR-6837-3p",-0.141340361207556,1.46657154684942,0.673236204792801,0.411925588985939,0.50884925698263,"Stable"
"hsa-miR-148b-5p",-0.087366922241304,2.18762872228651,0.654495316153884,0.418510056888901,0.515708311467071,"Stable"
"hsa-miR-548o-3p",-0.153939759067305,1.35804547531526,0.6527945424005,0.419115326144667,0.515708311467071,"Stable"
"hsa-miR-24-3p",0.0566956691630744,11.0946915136723,0.631123074673837,0.426943661802687,0.524316777652423,"Stable"
"hsa-miR-545-5p",0.192822235455975,1.16225698639886,0.615120514164317,0.432866334365042,0.530556012937697,"Stable"
"hsa-miR-676-5p",0.151709805179143,1.42302766905972,0.608253800328328,0.435446043705737,0.532576881745045,"Stable"
"hsa-miR-511-3p",0.157091552276074,1.35112103509472,0.606243203546228,0.436205826953084,0.532576881745045,"Stable"
"hsa-miR-4449",-0.161550319536841,1.26555709894784,0.601033482060018,0.438183977329191,0.533480315474572,"Stable"
"hsa-miR-127-3p",-0.165790126898332,7.51337375529407,0.599839238362165,0.438639370501315,0.533480315474572,"Stable"
"hsa-miR-99a-3p",-0.0696535372530175,3.14977839359066,0.593220278307172,0.441176551858403,0.535532230579564,"Stable"
"hsa-miR-505-5p",0.0701607697383843,2.97175408660482,0.586267721612614,0.443866007609633,0.537760739988593,"Stable"
"hsa-miR-10b-3p",-0.0841704350199249,3.30359005749697,0.560993040541007,0.453860407965833,0.548813929018185,"Stable"
"hsa-miR-3614-5p",-0.126467735577957,1.51463028333032,0.536658803247121,0.46382073481437,0.559783645465619,"Stable"
"hsa-miR-497-3p",0.143101646256605,1.37229694767754,0.528802207195383,0.467110872155967,0.562676576402025,"Stable"
"hsa-miR-15a-3p",0.167841899183879,1.19779767963942,0.508801582104411,0.475658102698997,0.571879016603756,"Stable"
"hsa-miR-191-3p",0.0923144363209462,1.83616387736646,0.468232623447989,0.4938013699398,0.591729246895999,"Stable"
"hsa-miR-2110",0.100740370956627,1.891893366942,0.467036969983553,0.494353468353831,0.591729246895999,"Stable"
"hsa-miR-30c-1-3p",0.0969805755731449,2.05091226689616,0.465669424218049,0.494986211292367,0.591729246895999,"Stable"
"hsa-miR-6761-5p",-0.133413160160959,1.31897131889939,0.453742435354542,0.500563068592402,0.597262752297752,"Stable"
"hsa-miR-20a-3p",-0.0708830986836663,3.37038934572134,0.444008656248116,0.505193966570936,0.600132400386246,"Stable"
"hsa-miR-19a-3p",-0.0832960239233227,4.62246072488622,0.44328293408546,0.505542164237311,0.600132400386246,"Stable"
"hsa-miR-98-5p",0.0510245740092089,6.3333610412888,0.442692239248004,0.50582588032555,0.600132400386246,"Stable"
"hsa-miR-378d",0.146336044301217,1.2574823347327,0.435884267313071,0.509115663077472,0.602900127328586,"Stable"
"hsa-miR-155-5p",-0.112443149655145,8.10323371644799,0.428747178926074,0.512604329574588,0.605892547151952,"Stable"
"hsa-miR-374b-3p",0.0789733261242863,1.99560779502844,0.416068452909997,0.518905357682743,0.61219171412009,"Stable"
"hsa-miR-643",-0.150182694458282,1.15153870888919,0.39799512960488,0.528126475899351,0.621518875590766,"Stable"
"hsa-miR-17-3p",0.0430768878869733,8.32825431191106,0.39672722421551,0.528784313201032,0.621518875590766,"Stable"
"hsa-miR-192-5p",-0.0496063846210941,9.542717757747,0.394745812606402,0.529815290397097,0.621571011080393,"Stable"
"hsa-miR-5706",0.136323044907199,1.265133230611,0.387480456842212,0.533626762591266,0.623742576697235,"Stable"
"hsa-miR-5683",0.13964292674242,2.20692697695281,0.387267333164345,0.533739316200405,0.623742576697235,"Stable"
"hsa-miR-590-3p",-0.0557997477006767,2.70191469027173,0.385571404404402,0.534636494311916,0.623742576697235,"Stable"
"hsa-miR-664a-5p",-0.0520598509922112,3.62641065310356,0.375211267528243,0.540177293723964,0.627442708820146,"Stable"
"hsa-miR-382-5p",0.124980533546318,2.67036304393922,0.374169746849361,0.540740125675256,0.627442708820146,"Stable"
"hsa-miR-320a-3p",-0.0489699581232798,9.04799669527596,0.374066721382064,0.540795858554507,0.627442708820146,"Stable"
"hsa-miR-34c-5p",-0.0991183745537646,2.60059677224261,0.36791873135644,0.544140929211129,0.630163208461418,"Stable"
"hsa-miR-210-3p",0.107101104945203,6.78627455514775,0.359903954107722,0.548559581763214,0.634114745891421,"Stable"
"hsa-miR-760",-0.113421041474276,1.34159606383405,0.34334722536272,0.557903482733613,0.643734787769553,"Stable"
"hsa-miR-487b-3p",-0.105548669254843,1.80809508833633,0.338472149949553,0.560712456273812,0.645793139766913,"Stable"
"hsa-miR-1343-3p",-0.0973678377459984,1.47899922480523,0.323322568000208,0.569617711759696,0.654575731564023,"Stable"
"hsa-miR-203b-3p",0.0919512280959778,5.38608432995604,0.321986959739547,0.570415994648648,0.654575731564023,"Stable"
"hsa-miR-219a-1-3p",0.0775691400732819,2.37249104033273,0.315888819865108,0.574088852254356,0.657592685309536,"Stable"
"hsa-miR-485-3p",0.0987581851690982,1.64005988196287,0.297286997612673,0.5855882496934,0.669547363533288,"Stable"
"hsa-miR-887-5p",-0.103018175924432,1.33065583177706,0.276188109066936,0.599210619722129,0.682952578589407,"Stable"
"hsa-miR-874-3p",0.0857641749480106,7.04779858696506,0.275779989050875,0.599480596761812,0.682952578589407,"Stable"
"hsa-miR-505-3p",-0.0321945205117597,4.91094218313548,0.270190225045212,0.603204196286737,0.685954230434377,"Stable"
"hsa-miR-3117-3p",-0.109617322053242,1.55558597314391,0.26522016728876,0.606556298716574,0.688523366110705,"Stable"
"hsa-miR-194-5p",0.0392810169715897,8.40315507337796,0.263098431761364,0.607999437004835,0.688920225383176,"Stable"
"hsa-let-7f-5p",0.0712973240172622,14.6433126465444,0.260866580399693,0.609525426657075,0.689409369468505,"Stable"
"hsa-miR-146a-5p",0.0831623957088803,6.94350922204774,0.256740847939454,0.612368129633273,0.691383372166599,"Stable"
"hsa-miR-19b-1-5p",-0.0410712063789087,3.23102682074312,0.237089764211078,0.626315987248571,0.705865960584257,"Stable"
"hsa-miR-382-3p",-0.0943129933402385,1.37728915582488,0.228937288704287,0.632312934853624,0.711352051710327,"Stable"
"hsa-miR-154-3p",0.096476617166084,1.32555303591143,0.221561274363069,0.637852871995561,0.716305364273089,"Stable"
"hsa-miR-374a-3p",0.047284340615277,10.0429698272144,0.218868552742379,0.639903379951509,0.716442566199996,"Stable"
"hsa-miR-101-3p",0.0395385822000884,14.8546712615598,0.218416050226665,0.640249467889838,0.716442566199996,"Stable"
"hsa-miR-378c",0.0523583170130701,2.51965108441586,0.21561045355088,0.642405081812789,0.717580144578116,"Stable"
"hsa-let-7g-3p",0.0366443443034177,6.25052498955813,0.213505350634136,0.64403371019383,0.718126083932943,"Stable"
"hsa-miR-34b-5p",-0.0897475372122656,1.39898680490865,0.209406266913845,0.647233164367386,0.720418539843556,"Stable"
"hsa-miR-129-5p",-0.118729490066224,2.87312402940539,0.203382908283743,0.652004005277043,0.724009668551408,"Stable"
"hsa-miR-30e-5p",-0.0320949815946997,13.6070314002473,0.202440738447535,0.652757923392381,0.724009668551408,"Stable"
"hsa-miR-1296-5p",0.0372483530820205,3.06343627048371,0.196702355382115,0.6573958806589,0.727872416195267,"Stable"
"hsa-miR-200c-5p",-0.0394208846636081,4.99033084303017,0.188893860346184,0.663838846760221,0.733531627973632,"Stable"
"hsa-miR-6802-3p",0.0765126843202732,1.47275128789193,0.187388882711673,0.665098771392594,0.733531627973632,"Stable"
"hsa-miR-550a-5p",-0.045681758382386,2.22600893527184,0.186316577470905,0.666000144763361,0.733531627973632,"Stable"
"hsa-miR-4786-5p",0.0973400602198873,1.20216977671212,0.174279984649644,0.676335728439225,0.742720132764296,"Stable"
"hsa-miR-758-3p",0.0838606364152929,2.3991055183066,0.173863736615999,0.67670056540747,0.742720132764296,"Stable"
"hsa-miR-676-3p",0.0683734264618025,2.20763110432761,0.169617033772624,0.68045238634093,0.745539136338758,"Stable"
"hsa-let-7f-1-3p",-0.0321836035290473,2.80162052868804,0.16112141164723,0.688126152205508,0.752637978974774,"Stable"
"hsa-miR-24-2-5p",-0.0324690423338641,4.46416972806417,0.157822291902562,0.691169444938944,0.754656413018257,"Stable"
"hsa-miR-128-3p",0.027605131315266,7.24672754476616,0.151957893947042,0.696671302535408,0.75934761349015,"Stable"
"hsa-miR-320c",0.0678659062512124,1.47547011116602,0.147612888551009,0.700827085126473,0.76147160087232,"Stable"
"hsa-miR-4638-3p",0.0662220320179035,1.49357787383342,0.147394976142266,0.701037346834834,0.76147160087232,"Stable"
"hsa-miR-296-5p",-0.0314321543098547,3.56786550362578,0.128168813360389,0.720338282710082,0.781089704143462,"Stable"
"hsa-miR-6803-3p",-0.0692076616355019,1.33219572831274,0.123676208528479,0.725081048638363,0.784881547495136,"Stable"
"hsa-miR-1301-5p",-0.0777122525672608,1.17278739763887,0.110643186656262,0.73941306187612,0.799022691221193,"Stable"
"hsa-miR-4326",0.046256382693849,2.22787454530878,0.107063639957232,0.743512229280934,0.802076548710597,"Stable"
"hsa-miR-548e-3p",0.0781449675087966,1.17152399793417,0.105537463924321,0.745283019318463,0.80261248234296,"Stable"
"hsa-miR-323a-3p",-0.0676810979733566,1.38664004667649,0.10364624614391,0.747497111026994,0.803623173971,"Stable"
"hsa-miR-148a-3p",-0.0452158726318896,15.5165326605232,0.100535079780229,0.751188459873158,0.806215893901345,"Stable"
"hsa-miR-92b-5p",0.0560764972048667,1.41300242849903,0.090075730907472,0.764080901537603,0.818658108790289,"Stable"
"hsa-miR-432-5p",0.0544398654534456,1.91919092623678,0.0838562257497415,0.772138032641804,0.82588618092417,"Stable"
"hsa-miR-17-5p",0.0239030667825216,8.23617602301075,0.0799176982670815,0.777408974499983,0.829576024927449,"Stable"
"hsa-miR-6833-3p",-0.0614274481534791,1.23783466129091,0.0793198020041643,0.778221318622417,0.829576024927449,"Stable"
"hsa-miR-548aw",-0.057258998058778,1.28415916438585,0.0758598724902981,0.782988425845139,0.832692092601403,"Stable"
"hsa-miR-377-5p",0.0616537762544509,1.34712475246219,0.0752877104643517,0.783787953829574,0.832692092601403,"Stable"
"hsa-miR-219a-5p",-0.0462278561345545,1.8561047211123,0.0714157415561658,0.789286506339934,0.837122052178718,"Stable"
"hsa-miR-185-5p",-0.020264612751846,6.72408593503972,0.0634722749042567,0.801089724735704,0.847201647475905,"Stable"
"hsa-miR-101-5p",-0.0264047180966586,4.6130853981905,0.0632183602086798,0.801479653802602,0.847201647475905,"Stable"
"hsa-miR-197-3p",0.0184510382970646,8.10479047247965,0.0550437998588222,0.814508225161909,0.859531292884426,"Stable"
"hsa-miR-423-5p",-0.0189907181145277,6.22723819343194,0.0464317493072031,0.829392888422581,0.873775116565595,"Stable"
"hsa-miR-642a-5p",0.0374543434399601,1.99141028289283,0.0435459326960199,0.83470069106362,0.877898890434192,"Stable"
"hsa-miR-3677-3p",0.0232431590022098,2.22320351138567,0.0416432366845925,0.838301340620534,0.880216407651561,"Stable"
"hsa-miR-3909",0.0418822022949285,1.28204641454772,0.0392575819794274,0.84293923673781,0.882215120184142,"Stable"
"hsa-miR-320d",-0.0394631598340048,1.32468432194802,0.0392239973134565,0.843005559287069,0.882215120184142,"Stable"
"hsa-miR-618",0.0389752088572554,1.29114690838263,0.0344856493367729,0.85267758029631,0.890857173443906,"Stable"
"hsa-miR-15b-5p",0.0148485425521676,7.8058290815643,0.0318432594964406,0.858372100029406,0.894723814974315,"Stable"
"hsa-miR-1306-3p",0.0269014054704294,1.65250665678723,0.0314596058751135,0.859218901681684,0.894723814974315,"Stable"
"hsa-let-7a-5p",-0.0170463480746651,15.7078079009919,0.0283911825302994,0.866192435421276,0.899751272505906,"Stable"
"hsa-miR-6509-5p",0.0342789738011754,1.31641789421849,0.0280875279643737,0.866903210176325,0.899751272505906,"Stable"
"hsa-miR-6511b-3p",0.0185196909044586,2.45676185934845,0.0258799760133002,0.872193785859708,0.903753429427,"Stable"
"hsa-miR-625-3p",0.0149100074324746,6.99348063621466,0.0241503379569394,0.876502996450625,0.905671685185436,"Stable"
"hsa-miR-378a-5p",-0.0151538121914442,5.14743947617757,0.0235902741803784,0.877932031160186,0.905671685185436,"Stable"
"hsa-miR-652-5p",-0.0309101072221334,1.31525368569541,0.0234247171387381,0.878357777219526,0.905671685185436,"Stable"
"hsa-miR-3928-3p",0.0223494990078233,1.5503873547884,0.0186170576468783,0.891470023947409,0.917689730534097,"Stable"
"hsa-miR-3064-3p",0.0295326543713403,1.21512848159722,0.0169270382566822,0.896484183666217,0.92134589838453,"Stable"
"hsa-let-7f-2-3p",0.0160416947061202,1.85434983369893,0.0148662320034987,0.902956706641821,0.926486523101542,"Stable"
"hsa-miR-6755-5p",0.0183102651978614,1.62668597235561,0.0138425677545797,0.906341465880515,0.928447355292235,"Stable"
"hsa-miR-370-3p",-0.022198732247148,1.7193474876871,0.0123845975535914,0.911389472183911,0.932102869279,"Stable"
"hsa-miR-3920",-0.0231668874421526,1.23732063292735,0.0111632698360324,0.915854993275306,0.934835562054614,"Stable"
"hsa-miR-1180-3p",-0.0105532033887879,5.65332590605906,0.0108527726555394,0.917029170396431,0.934835562054614,"Stable"
"hsa-miR-502-5p",0.0143787313936651,1.46376624388259,0.00661112486395155,0.935196356672287,0.951815354933023,"Stable"
"hsa-miR-130b-5p",-0.0135839280353173,4.03609764746605,0.0059259559441216,0.938639271776925,0.951868597456994,"Stable"
"hsa-miR-34c-3p",-0.0120254841952193,2.16650165951895,0.00591148868056734,0.9387140710408,0.951868597456994,"Stable"
"hsa-miR-627-5p",0.0109862698304971,1.72339177399468,0.00570699343592196,0.939781377171826,0.951868597456994,"Stable"
"hsa-miR-4727-5p",-0.0163054356149637,1.15759393714261,0.00459823950811256,0.945936628445666,0.956565129888876,"Stable"
"hsa-miR-3940-3p",0.0136992414055505,1.32634221678719,0.00418675128730683,0.948408793992264,0.957528109319113,"Stable"
"hsa-miR-651-5p",-0.00495811178620686,2.59436130838478,0.00216216482749587,0.962912464034821,0.9706157637471,"Stable"
"hsa-miR-889-3p",-0.00838966963230913,2.59943750289979,0.0019444218416993,0.964828200949124,0.970993237376914,"Stable"
"hsa-miR-421",-0.00430342222323659,2.08280213399811,0.0013607383228873,0.970574158932917,0.975218054430203,"Stable"
"hsa-miR-33a-3p",0.00417542815431752,1.88409693713019,0.00104923425539027,0.974159533414408,0.977261952310633,"Stable"
"hsa-miR-143-5p",-0.00114462960257824,6.03060774530358,8.70190165187523e-05,0.992557122893228,0.99413511513948,"Stable"
"hsa-miR-151b",0.00040806638685697,3.01028913707113,2.19696692624893e-05,0.996260184039232,0.996260184039232,"Stable"
